[
    {"rbi_eloqua":
        [
            {
                "environment": "dev",
                "keepassmapid": "Dev_Azure_Storage_BDAP_SAS",
                "title" : "fido-out container - (SAS) URI"
            },
            {
                "environment": "prod",
                "keepassmapid": "Prod_Azure_Storage_BDAP_SAS",
                "title" : "cotprodbdapdz-fido-out-reader-sas"
            }
        ]   
    },
    {"master_recon":
        [
            {
                "environment": "dev",
                "keepassmapid": "Dev_Azure_Storage_Master_Recon_SAS",
                "title" : "fidosadev-red-dm-writer-sas"
            },
            {
                "environment": "prod",
                "keepassmapid": "Prod_Azure_Storage_Master_Recon_SAS",
                "title" : "fidosaprod-red-dm-writer-sas"
            }
        ]    
    } 
]