[
    {"PCT":
        [
            {
                "dbmapid": "ALAWPSQLCL2",
                "database" : "LNRM_Pricing"
            }            
        ]
    },
    {"peoplesoft":
            [
                {
                    "dbmapid": "PSEMPLAUTH",
                    "database" : "emplauth"
                }            
            ]
    },
    {"workday":
            [
                {
                    "dbmapid": "RETDAYSQLP102",
                    "database" : "emplauth"
                }            
            ]
    },
    {"cru":
            [
                {
                    "dbmapid": "dbpcrurpt-ala",
                    "database" : "cruprd"
                }            
            ]
    },
    {"taskSchedulerList":
            [
                {
                    "dbmapid": "ALAWDREDSQL201",
                    "database" : "red"
                }            
            ]
    },
    {"loggingintodb":
            [
                {
                    "dbmapid": "10.48.76.110",
                    "database" : "red"
                }            
            ]
    },
    {"rules":
            [
                {
                    "dbmapid": "alalprfrptdba02",
                    "database" : "framework"
                }            
            ]
    },
    {"master_recon":
            [
                {
                    "dbmapid": "aimbseomsqlreportvip",
                    "database" : ""
                }
            ]
    },
    {"fido_dev":
        [
            {
                "dbmapid": "alawdredsql201.risk.regn.net",
                "database" : "red"
            }
        ]

},
{"fido_prod":
    [
        {
            "dbmapid": "PROD_SQl_DB_CRED",
            "database" : "red"
        }
    ]

}
]