{
    "current_templates": [
        "monthly_reimbursement_special_report",
        "ins_vertical_allocation_override",
        "opportunity_incremental_mapping",
        "mbs_product_allocation_rules",
        "ins_growth_metric_override",
        "pmk_vertical_allocation",
        "fact_forecast_details",
        "customer_attributes",
        "product_categories",
        "revenue_adjustment",
        "ins_hh_to_control",
        "dummy_customer",
        "search_type",
        "unknown",
        "vc"
    ],
    "validations": {
        "monthly_reimbursement_special_report": {
            "sheet1": {
                "data_file": "appriss_oop_revenue_adjustment",
                "hpcc_validation": false,
                "required_tab": false,
                "data_columns": [
                    "Account",
                    "Cost_Center_Id",
                    "Date of Purchase",
                    "Report Code",
                    "Trans_Type_Id",
                    "Delivery_Method",
                    "Stat_Cd",
                    "Units",
                    "Reimbursement",
                    "Oop_Units",
                    "Oop",
                    "State_Province_Cd"
                ],
                "columns_dtype": {
                    "Account": "str",
                    "Cost_Center_Id": "str",
                    "Date of Purchase": "str",
                    "Report Code": "str",
                    "Trans_Type_Id": "str",
                    "Delivery_Method": "str",
                    "Stat_Cd": "str",
                    "Units": "float64",
                    "Reimbursement": "float64",
                    "Oop_Units": "float64",
                    "Oop": "float64",
                    "State_Province_Cd": "str"
                },
                "common_validations": {
                    "number_of_columns": {
                        "value": 12,
                        "validation_type": "Warning"
                    }
                },
                "sheet_validations": null
            }
        },
        "ins_vertical_allocation_override": {
            "input": {
                "data_file": "ins_vertical_allocation_override",
                "hpcc_validation": false,
                "required_tab": true,
                "data_columns": [
                    "product sk name",
                    "state",
                    "customer type",
                    "company number",
                    "sub_acct_id",
                    "account",
                    "apply to all suffixes",
                    "suffix",
                    "auto underwriting",
                    "auto claims",
                    "auto a&r",
                    "auto telematics",
                    "auto oem",
                    "home",
                    "commercial",
                    "life",
                    "insurance other",
                    "data commissions",
                    "total pct",
                    "effective start date",
                    "effective end date"
                ],
                "columns_dtype": {
                    "product sk name": "str",
                    "state": "str",
                    "customer type": "str",
                    "company number": "str",
                    "sub_acct_id": "str",
                    "account": "str",
                    "apply to all suffixes": "str",
                    "suffix": "str",
                    "auto underwriting": "float64",
                    "auto claims": "float64",
                    "auto a&r": "float64",
                    "auto telematics": "float64",
                    "auto oem": "float64",
                    "home": "float64",
                    "commercial": "float64",
                    "life": "float64",
                    "insurance other": "float64",
                    "data commissions": "float64",
                    "total pct": "float64",
                    "effective start date": "float64",
                    "effective end date": "float64"
                },
                "common_validations": {
                    "number_of_columns": {
                        "value": 21,
                        "validation_type": "Warning"
                    },
                    "headers": {
                        "value": {
                            "0": "product sk name",
                            "1": "state",
                            "2": "customer type",
                            "3": "company number",
                            "4": "sub_acct_id",
                            "5": "account",
                            "6": "apply to all suffixes",
                            "7": "suffix",
                            "8": "auto underwriting",
                            "9": "auto claims",
                            "10": "auto a&r",
                            "11": "auto telematics",
                            "12": "auto oem",
                            "13": "home",
                            "14": "commercial",
                            "15": "life",
                            "16": "insurance other",
                            "17": "data commissions",
                            "18": "total pct",
                            "19": "effective start date",
                            "20": "effective end date"
                        },
                        "validation_type": "Error"
                    }
                },
                "sheet_validations": null
            }
        },
        "opportunity_incremental_mapping": {
            "input": {
                "data_file": "opportunity_incremental_mapping",
                "hpcc_validation": false,
                "required_tab": true,
                "data_columns": [
                    "opportunity_id",
                    "opportunity_name",
                    "product_vertical",
                    "start_date",
                    "end_date",
                    "incremental_type",
                    "mapping_action",
                    "ins_control_nbr",
                    "ins_company_nbr",
                    "hh_id",
                    "current_subaccount_id",
                    "cy_vertical",
                    "product",
                    "search_type",
                    "add_on_code_name",
                    "trans_type",
                    "cost_center",
                    "state",
                    "delivery_method",
                    "email_address",
                    "opportunity_id_report_revenue",
                    "market_place_vertical",
                    "sf_opportunity_id",
                    "my_crm_product",
                    "product_feature",
                    "account_level",
                    "begin_bill_date",
                    "forecast_commit_terms",
                    "revenue",
                    "last_seen_dt",
                    "upsell_code",
                    "mvr_type",
                    "probability_percent",
                    "created_date",
                    "rev_start_year_month",
                    "rev_end_year_month",
                    "seller_owner",
                    "invalid",
                    "wuid",
                    "opportunity_sk"
                ],
                "columns_dtype": {
                    "opportunity_id": "str",
                    "opportunity_name": "str",
                    "product_vertical": "str",
                    "start_date": "float64",
                    "end_date": "float64",
                    "incremental_type": "str",
                    "mapping_action": "str",
                    "ins_control_nbr": "str",
                    "ins_company_nbr": "str",
                    "hh_id": "str",
                    "current_subaccount_id": "str",
                    "cy_vertical": "str",
                    "product": "str",
                    "search_type": "str",
                    "add_on_code_name": "str",
                    "trans_type": "str",
                    "cost_center": "str",
                    "state": "str",
                    "delivery_method": "str",
                    "email_address": "str",
                    "opportunity_id_report_revenue": "str",
                    "market_place_vertical": "str",
                    "sf_opportunity_id": "str",
                    "my_crm_product": "str",
                    "product_feature": "str",
                    "account_level": "str",
                    "begin_bill_date": "float64",
                    "forecast_commit_terms": "float64",
                    "revenue": "float64",
                    "last_seen_dt": "str",
                    "upsell_code": "str",
                    "mvr_type": "str",
                    "probability_percent": "str",
                    "created_date": "str",
                    "rev_start_year_month": "str",
                    "rev_end_year_month": "str",
                    "seller_owner": "str",
                    "invalid": "str",
                    "wuid": "str",
                    "opportunity_sk": "float64"
                },
                "common_validations": {
                    "number_of_columns": {
                        "value": 40,
                        "validation_type": "Warning"
                    },
                    "headers": {
                        "value": {
                            "0": "opportunity_id",
                            "1": "opportunity_name",
                            "2": "product_vertical",
                            "3": "start_date",
                            "4": "end_date",
                            "5": "incremental_type",
                            "6": "mapping_action",
                            "7": "ins_control_nbr",
                            "8": "ins_company_nbr",
                            "9": "hh_id",
                            "10": "current_subaccount_id",
                            "11": "cy_vertical",
                            "12": "product",
                            "13": "search_type",
                            "14": "add_on_code_name",
                            "15": "trans_type",
                            "16": "cost_center",
                            "17": "state",
                            "18": "delivery_method",
                            "19": "email_address",
                            "20": "opportunity_id_report_revenue"
                        },
                        "validation_type": "Error"
                    }
                },
                "sheet_validations": null
            }
        },
        "mbs_product_allocation_rules": {
            "input": {
                "data_file": "mbs_product_allocation_rules",
                "hpcc_validation": false,
                "required_tab": true,
                "data_columns": [
                    "hist_subaccount_id",
                    "from_product_name",
                    "to_product_name",
                    "alloc_percentage",
                    "effective_start_date"
                ],
                "columns_dtype": {
                    "hist_subaccount_id": "str",
                    "from_product_name": "str",
                    "to_product_name": "str",
                    "alloc_percentage": "str",
                    "effective_start_date": "str"
                },
                "common_validations": {
                    "number_of_columns": {
                        "value": 5,
                        "validation_type": "Warning"
                    },
                    "headers": {
                        "value": {
                            "0": "hist_subaccount_id",
                            "1": "from_product_name",
                            "2": "to_product_name",
                            "3": "alloc_percentage",
                            "4": "effective_start_date"
                        },
                        "validation_type": "Error"
                    }
                },
                "sheet_validations": null
            }
        },
        "ins_growth_metric_override": {
            "input": {
                "data_file": "ins_growth_metric_realtime_override",
                "hpcc_validation": true,
                "required_tab": true,
                "data_columns": [
                    "growth_metrics",
                    "sub_acct_id",
                    "transaction_date",
                    "product_name",
                    "search_type_id",
                    "delivery_method",
                    "state_province_cd",
                    "trans_nontrans_flag",
                    "vertical_for_reporting",
                    "OVERRIDE billed_unit",
                    "OVERRIDE USD_billed_revenue",
                    "Notes",
                    "User"
                ],
                "columns_dtype": {
                    "growth_metrics": "str",
                    "sub_acct_id": "str",
                    "transaction_date": "float64",
                    "product_name": "str",
                    "search_type_id": "str",
                    "delivery_method": "str",
                    "state_province_cd": "str",
                    "trans_nontrans_flag": "float64",
                    "vertical_for_reporting": "str",
                    "OVERRIDE billed_unit": "float64",
                    "OVERRIDE USD_billed_revenue": "float64",
                    "Notes": "str",
                    "User": "str"
                },
                "common_validations": {
                    "number_of_columns": {
                        "value": 13,
                        "validation_type": "Warning"
                    },
                    "headers": {
                        "value": {
                            "1": "sub_acct_id",
                            "12": "User"
                        },
                        "validation_type": "Error"
                    },
                    "required_values": {
                        "value": [
                            "sub_acct_id",
                            "transaction_date",
                            "product_name",
                            "delivery_method",
                            "trans_nontrans_flag",
                            "OVERRIDE USD_billed_revenue",
                            "Notes",
                            "User"
                        ],
                        "validation_type": "Error"
                    },
                    "date_format": {
                        "value": {
                            "column": "transaction_date",
                            "format": "%Y%m%d",
                            "length": 8
                        },
                        "validation_type": "Error"
                    }
                },
                "sheet_validations": {
                    "metrics": {
                        "value": [
                            "growth_from_price_action",
                            "growth_from_qtp",
                            "growth_from_other_price",
                            "growth_from_registry_price",
                            "growth_from_mix",
                            "plug_base_growth",
                            "growth_from_prescreen_volume",
                            "growth_from_other_volume",
                            "growth_from_shc_adj",
                            "growth_from_incremental_recurring",
                            "growth_from_incremental_non_recurring",
                            "growth_from_incremental_cannibalization",
                            "growth_from_mvr_attrition",
                            "growth_from_non_mvr_attrition",
                            "growth_from_py_incremental_non_recurring",
                            "growth_from_non_recurring",
                            "growth_from_billing_credits"
                        ],
                        "validation_type": "Error"
                    },
                    "date_format": {
                        "value": {
                            "format": "%Y%m%d",
                            "length": 8
                        },
                        "validation_type": "Error"
                    },
                    "trans_nontrans_flag": {
                        "value": [
                            1,
                            2
                        ],
                        "validation_type": "Error"
                    },
                    "total_revenue_by_date": {
                        "value": 0.0,
                        "validation_type": "Error"
                    }
                }
            }
        },
        "pmk_vertical_allocation": {
            "sheet1": {
                "data_file": "pmk_vertical_allocation",
                "hpcc_validation": false,
                "required_tab": false,
                "data_columns": [
                    "year_month",
                    "hist_subaccount_id",
                    "auto_ratio",
                    "home_ratio",
                    "life_ratio",
                    "commercial_ratio"
                ],
                "columns_dtype": {
                    "year_month": "float64",
                    "hist_subaccount_id": "str",
                    "auto_ratio": "float64",
                    "home_ratio": "float64",
                    "life_ratio": "float64",
                    "commercial_ratio": "float64"
                },
                "common_validations": {
                    "number_of_columns": {
                        "value": 6,
                        "validation_type": "Warning"
                    },
                    "date_format": {
                        "value": {
                            "column": "year_month",
                            "format": "%Y%m",
                            "length": 6
                        },
                        "validation_type": "Error"
                    }
                },
                "sheet_validations": {
                    "total_ratios": {
                        "value": 1,
                        "validation_type": "Error"
                    },
                    "ratio_set": {
                        "value": {},
                        "validation_type": "Error"
                    }
                }
            }
        },
        "fact_forecast_details": {
            "ins_control_forecast_fact_details": {
                "data_file": "ins_control_forecast_fact_details",
                "hpcc_validation": false,
                "required_tab": false,
                "data_columns": [
                    "Year",
                    "Scenario",
                    "Month",
                    "Forecast Value"
                ],
                "columns_dtype": {
                    "Year": "float64",
                    "Scenario": "str",
                    "Month": "str",
                    "Forecast Value": "float64"
                },
                "common_validations": {
                    "remove_record": {
                        "value": {
                            "Year": "^\\s?OK/INFO.*$\n"
                        },
                        "validation_type": "Warning"
                    }
                },
                "sheet_validations": null
            },
            "ins_forecast_fact_details": {
                "data_file": "ins_forecast_fact_details",
                "hpcc_validation": false,
                "required_tab": false,
                "data_columns": [
                    "Year",
                    "Scenario",
                    "Month",
                    "Input",
                    "Customer",
                    "Driver Type",
                    "Forecast Type",
                    "Product",
                    "Currency",
                    "GL_Currency",
                    "Search Type",
                    "Vertical for Reporting",
                    "State",
                    "Opportunity ID",
                    "Business Segment",
                    "Forecast value"
                ],
                "columns_dtype": {
                    "Year": "float64",
                    "Scenario": "str",
                    "Month": "str",
                    "Input": "str",
                    "Customer": "str",
                    "Driver Type": "str",
                    "Forecast Type": "str",
                    "Product": "str",
                    "Currency": "str",
                    "GL_Currency": "str",
                    "Search Type": "str",
                    "Vertical for Reporting": "str",
                    "State": "str",
                    "Opportunity ID": "str",
                    "Business Segment": "str",
                    "Forecast value": "float64"
                },
                "common_validations": {
                    "remove_record": {
                        "value": {
                            "Year": "^\\s?OK/INFO.*$\n"
                        },
                        "validation_type": "Warning"
                    },
                    "replace_value": {
                        "value": {
                            "OPPTY-NA": "OPY-NA"
                        },
                        "validation_type": "Warning"
                    },
                    "helper_file": {
                        "value": {
                            "control": [
                                "ins_control_forecast_fact_details",
                                "insurance_control_forecast_fact_details"
                            ]
                        },
                        "validation_type": "Error"
                    }
                },
                "sheet_validations": null
            },
            "hc_control_forecast_fact_details": {
                "data_file": "hc_control_forecast_fact_details",
                "hpcc_validation": false,
                "required_tab": false,
                "data_columns": [
                    "Year_Month",
                    "Scenario",
                    "Forecast Value",
                    "srs_impact"
                ],
                "columns_dtype": {
                    "Year_Month": "str",
                    "Scenario": "str",
                    "Forecast Value": "float64",
                    "srs_impact": "float64"
                },
                "common_validations": {
                    "remove_record": {
                        "value": {
                            "Year": "^\\s?OK/INFO.*$\n"
                        },
                        "validation_type": "Warning"
                    }
                },
                "sheet_validations": null
            },
            "hc_forecast_fact_details": {
                "data_file": "hc_forecast_fact_details",
                "hpcc_validation": false,
                "required_tab": false,
                "data_columns": [
                    "Year_Month",
                    "Scenario",
                    "Input",
                    "Customer",
                    "Driver Type",
                    "Forecast Type",
                    "Search Type",
                    "Opportunity ID",
                    "Pipeline Stage",
                    "Forecast value",
                    "Attrition_impact"
                ],
                "columns_dtype": {
                    "Year_Month": "str",
                    "Scenario": "str",
                    "Input": "str",
                    "Customer": "str",
                    "Driver Type": "str",
                    "Forecast Type": "str",
                    "Search Type": "str",
                    "Opportunity ID": "str",
                    "Pipeline Stage": "str",
                    "Forecast value": "float64",
                    "Attrition_impact": "float64"
                },
                "common_validations": {
                    "remove_record": {
                        "value": {
                            "Year_Month": "^\\s?OK/INFO.*$\n"
                        },
                        "validation_type": "Warning"
                    },
                    "replace_value": {
                        "value": {
                            "OPPTY-NA": "OPY-NA"
                        },
                        "validation_type": "Warning"
                    },
                    "helper_file": {
                        "value": {
                            "control": [
                                "hc_control_forecast_fact_details",
                                "healthcare_control_forecast_fact_details"
                            ]
                        },
                        "validation_type": "Error"
                    }
                },
                "sheet_validations": null
            },
            "bsv_control_forecast_fact_details": {
                "data_file": "bsv_control_forecast_fact_details",
                "hpcc_validation": false,
                "required_tab": false,
                "data_columns": [
                    "year_number",
                    "scenario",
                    "period",
                    "forecast_revenue_local_currency",
                    "forecast_revenue_usd",
                    "forecast_revenue_gl_currency"
                ],
                "columns_dtype": {
                    "year_number": "float64",
                    "scenario": "str",
                    "period": "str",
                    "forecast_revenue_local_currency": "float64",
                    "forecast_revenue_usd": "float64",
                    "forecast_revenue_gl_currency": "float64"
                },
                "common_validations": {
                    "remove_record": {
                        "value": {
                            "year_number": "^\\s?OK/INFO.*$\n"
                        },
                        "validation_type": "Warning"
                    }
                },
                "sheet_validations": null
            },
            "bsv_forecast_exchange_rate": {
                "data_file": "bsv_forecast_exchange_rate",
                "hpcc_validation": false,
                "required_tab": false,
                "data_columns": [
                    "year_number",
                    "period",
                    "currency",
                    "gl_currency",
                    "spot_rate_local_to_usd",
                    "spot_rate_local_to_gl_currency"
                ],
                "columns_dtype": {
                    "year_number": "float64",
                    "period": "str",
                    "currency": "str",
                    "gl_currency": "str",
                    "spot_rate_local_to_usd": "float64",
                    "spot_rate_local_to_gl_currency": "float64"
                },
                "common_validations": {
                    "remove_record": {
                        "value": {
                            "year_number": "^\\s?OK/INFO.*$\n"
                        },
                        "validation_type": "Warning"
                    }
                },
                "sheet_validations": null
            },
            "bsv_forecast_fact_details": {
                "data_file": "bsv_forecast_fact_details",
                "hpcc_validation": true,
                "required_tab": false,
                "data_columns": [
                    "year_number",
                    "scenario",
                    "period",
                    "company",
                    "sub_acct_id",
                    "delivery_method",
                    "product",
                    "platform",
                    "driver_type",
                    "forecast_type",
                    "currency",
                    "gl_currency",
                    "forecast_revenue_local_currency"
                ],
                "columns_dtype": {
                    "year_number": "int",
                    "scenario": "str",
                    "period": "str",
                    "company": "str",
                    "sub_acct_id": "str",
                    "delivery_method": "str",
                    "product": "str",
                    "platform": "str",
                    "driver_type": "str",
                    "forecast_type": "str",
                    "currency": "str",
                    "gl_currency": "str",
                    "forecast_revenue_local_currency": "float64"
                },
                "common_validations": {
                    "remove_record": {
                        "value": {
                            "year_number": "^\\s?OK/INFO.*$\n"
                        },
                        "validation_type": "Warning"
                    },
                    "helper_file": {
                        "value": {
                            "control": [
                                "bsv_control_forecast_fact_details"
                            ],
                            "exchange rate": [
                                "bsv_forecast_exchange_rate"
                            ]
                        },
                        "validation_type": "Error"
                    }
                },
                "sheet_validations": null
            }
        },
        "customer_attributes": {
            "cy_vertical": {
                "data_file": "cy_vertical",
                "hpcc_validation": true,
                "required_tab": false,
                "data_columns": [
                    "ACCT",
                    "VERTICAL"
                ],
                "columns_dtype": {
                    "ACCT": "str",
                    "VERTICAL": "str"
                },
                "common_validations": {
                    "number_of_rows": {
                        "value": 1,
                        "validation_type": "Error"
                    }
                },
                "sheet_validations": null
            },
            "sub_mkt": {
                "data_file": "sub_market_cd",
                "hpcc_validation": false,
                "required_tab": false,
                "data_columns": [
                    "Cust_CD",
                    "Sub-Market"
                ],
                "columns_dtype": {
                    "Cust_CD": "str",
                    "Sub-Market": "str"
                },
                "common_validations": {
                    "number_of_rows": {
                        "value": 1,
                        "validation_type": "Error"
                    }
                },
                "sheet_validations": null
            },
            "aba": {
                "data_file": "bs_aba_ind",
                "hpcc_validation": false,
                "required_tab": false,
                "data_columns": [
                    "Cust_CD",
                    "ABA_Indicator"
                ],
                "columns_dtype": {
                    "Cust_CD": "str",
                    "ABA_Indicator": "str"
                },
                "common_validations": {
                    "number_of_rows": {
                        "value": 1,
                        "validation_type": "Error"
                    }
                },
                "sheet_validations": null
            },
            "crd": {
                "data_file": "bussrv_crd_customer",
                "hpcc_validation": false,
                "required_tab": false,
                "data_columns": [
                    "Cust_CD",
                    "CRD_Indicator"
                ],
                "columns_dtype": {
                    "Cust_CD": "str",
                    "CRD_Indicator": "str"
                },
                "common_validations": {
                    "number_of_rows": {
                        "value": 1,
                        "validation_type": "Error"
                    }
                },
                "sheet_validations": null
            },
            "reseller": {
                "data_file": "direct_reseller",
                "hpcc_validation": false,
                "required_tab": false,
                "data_columns": [
                    "Cust_CD",
                    "Reseller_Indicator"
                ],
                "columns_dtype": {
                    "Cust_CD": "str",
                    "Reseller_Indicator": "str"
                },
                "common_validations": {
                    "number_of_rows": {
                        "value": 1,
                        "validation_type": "Error"
                    }
                },
                "sheet_validations": null
            },
            "acq_tracking": {
                "data_file": "acquisition_tracking_customer",
                "hpcc_validation": false,
                "required_tab": false,
                "data_columns": [
                    "CUST_CD",
                    "Acquisition Tracking"
                ],
                "columns_dtype": {
                    "CUST_CD": "str",
                    "Acquisition Tracking": "str"
                },
                "common_validations": {
                    "number_of_rows": {
                        "value": 1,
                        "validation_type": "Error"
                    }
                },
                "sheet_validations": null
            },
            "govt_tier": {
                "data_file": "govt_cy_tier",
                "hpcc_validation": false,
                "required_tab": false,
                "data_columns": [
                    "Cust_cd",
                    "Tier"
                ],
                "columns_dtype": {
                    "Cust_cd": "str",
                    "Tier": "str"
                },
                "common_validations": {
                    "number_of_rows": {
                        "value": 1,
                        "validation_type": "Error"
                    }
                },
                "sheet_validations": null
            },
            "segment_lead": {
                "data_file": "segment_lead",
                "hpcc_validation": false,
                "required_tab": false,
                "data_columns": [
                    "Cust_CD",
                    "Segment_Lead"
                ],
                "columns_dtype": {
                    "Cust_CD": "str",
                    "Segment_Lead": "str"
                },
                "common_validations": {
                    "number_of_rows": {
                        "value": 1,
                        "validation_type": "Error"
                    }
                },
                "sheet_validations": null
            },
            "pmc": {
                "data_file": "primary_market_code",
                "hpcc_validation": false,
                "required_tab": false,
                "data_columns": [
                    "Sub_acct_ID",
                    "PMC"
                ],
                "columns_dtype": {
                    "Sub_acct_ID": "str",
                    "PMC": "str"
                },
                "common_validations": {
                    "number_of_rows": {
                        "value": 1,
                        "validation_type": "Error"
                    }
                },
                "sheet_validations": null
            },
            "subacct_country": {
                "data_file": "subaccount_country_mapping",
                "hpcc_validation": false,
                "required_tab": false,
                "data_columns": [
                    "Hist_subaccount_id",
                    "Customer_Country"
                ],
                "columns_dtype": {
                    "Hist_subaccount_id": "str",
                    "Customer_Country": "str"
                },
                "common_validations": {
                    "number_of_rows": {
                        "value": 1,
                        "validation_type": "Error"
                    }
                },
                "sheet_validations": null
            },
            "use_case": {
                "data_file": "customer_use_case",
                "hpcc_validation": false,
                "required_tab": false,
                "data_columns": [
                    "CUST_CD",
                    "USE_CASE"
                ],
                "columns_dtype": {
                    "CUST_CD": "str",
                    "USE_CASE": "str"
                },
                "common_validations": {
                    "number_of_rows": {
                        "value": 1,
                        "validation_type": "Error"
                    }
                },
                "sheet_validations": null
            },
            "revenue_segment": {
                "data_file": "customer_revenue_segment",
                "hpcc_validation": false,
                "required_tab": false,
                "data_columns": [
                    "Account",
                    "Revenue_Segment"
                ],
                "columns_dtype": {
                    "Account": "str",
                    "Revenue_Segment": "str"
                },
                "common_validations": {
                    "number_of_rows": {
                        "value": 1,
                        "validation_type": "Error"
                    }
                },
                "sheet_validations": null
            },
            "govt_level": {
                "data_file": "account_submarket_gov_level",
                "hpcc_validation": false,
                "required_tab": false,
                "data_columns": [
                    "Cust_cd",
                    "Government_Level"
                ],
                "columns_dtype": {
                    "Cust_cd": "str",
                    "Government_Level": "str"
                },
                "common_validations": {
                    "number_of_rows": {
                        "value": 1,
                        "validation_type": "Error"
                    }
                },
                "sheet_validations": null
            },
            "business_segment": {
                "data_file": "customer_business_segment",
                "hpcc_validation": false,
                "required_tab": false,
                "data_columns": [
                    "hist_subaccount_id",
                    "business_segment"
                ],
                "columns_dtype": {
                    "hist_subaccount_id": "str",
                    "business_segment": "str"
                },
                "common_validations": {
                    "number_of_rows": {
                        "value": 1,
                        "validation_type": "Error"
                    }
                },
                "sheet_validations": null
            },
            "hh_industry": {
                "data_file": "hh_industry",
                "hpcc_validation": false,
                "required_tab": false,
                "data_columns": [
                    "hh_id",
                    "hh_name",
                    "hh_industry"
                ],
                "columns_dtype": {
                    "hh_id": "float64",
                    "hh_name": "str",
                    "hh_industry": "str"
                },
                "common_validations": {
                    "number_of_rows": {
                        "value": 1,
                        "validation_type": "Error"
                    }
                },
                "sheet_validations": null
            },
            "hh_industry_rollup": {
                "data_file": "hh_industry_rollup",
                "hpcc_validation": false,
                "required_tab": false,
                "data_columns": [
                    "hc_industry",
                    "hc_industry_gen02",
                    "hc_industry_gen01"
                ],
                "columns_dtype": {
                    "hc_industry": "str",
                    "hc_industry_gen02": "str",
                    "hc_industry_gen01": "str"
                },
                "common_validations": {
                    "number_of_rows": {
                        "value": 1,
                        "validation_type": "Error"
                    }
                },
                "sheet_validations": null
            }
        },
        "product_categories": {
            "input": {
                "data_file": "search_type_product_categories",
                "hpcc_validation": false,
                "required_tab": true,
                "data_columns": [
                    "product_pg03",
                    "bsv_product_category"
                ],
                "columns_dtype": {
                    "product_pg03": "str",
                    "bsv_product_category": "str"
                },
                "common_validations": {
                    "number_of_columns": {
                        "value": 2,
                        "validation_type": "Warning"
                    },
                    "headers": {
                        "value": {
                            "0": "product_pg03",
                            "1": "bsv_product_category"
                        },
                        "validation_type": "Error"
                    }
                },
                "sheet_validations": null
            }
        },
        "revenue_adjustment": {
            "input": {
                "data_file": "revenue_adjustment",
                "hpcc_validation": true,
                "required_tab": true,
                "data_columns": [
                    "sub_acct_id",
                    "cost_center_id",
                    "transaction_date",
                    "scenario_name",
                    "product_name",
                    "credit_reason_code",
                    "SH Contract Type",
                    "search_type_id",
                    "trans_type_id",
                    "delivery_method",
                    "Stat_Cd",
                    "state_province_cd",
                    "Opportunity ID",
                    "billed_unit",
                    "oop_units",
                    "USD_billed_revenue",
                    "USD_oop",
                    "LOCAL_currency_code",
                    "LOCAL_currency_billed_revenue",
                    "LOCAL_currency_oop",
                    "GL_currency_code",
                    "GL_billed_revenue",
                    "GL_oop",
                    "Notes ",
                    "User"
                ],
                "columns_dtype": {
                    "sub_acct_id": "str",
                    "cost_center_id": "str",
                    "transaction_date": "float64",
                    "scenario_name": "str",
                    "product_name": "str",
                    "credit_reason_code": "str",
                    "SH Contract Type": "str",
                    "search_type_id": "str",
                    "trans_type_id": "str",
                    "delivery_method": "str",
                    "Stat_Cd": "str",
                    "state_province_cd": "str",
                    "Opportunity ID": "str",
                    "billed_unit": "float64",
                    "oop_units": "float64",
                    "USD_billed_revenue": "float64",
                    "USD_oop": "float64",
                    "LOCAL_currency_code": "str",
                    "LOCAL_currency_billed_revenue": "float64",
                    "LOCAL_currency_oop": "float64",
                    "GL_currency_code": "str",
                    "GL_billed_revenue": "float64",
                    "GL_oop": "float64",
                    "Notes ": "str",
                    "User": "str"
                },
                "common_validations": {
                    "number_of_columns": {
                        "value": 25,
                        "validation_type": "Warning"
                    },
                    "headers": {
                        "value": {
                            "0": "sub_acct_id",
                            "24": "User"
                        },
                        "validation_type": "Error"
                    },
                    "required_values": {
                        "value": [
                            "sub_acct_id",
                            "cost_center_id",
                            "transaction_date",
                            "scenario_name",
                            "product_name",
                            "delivery_method",
                            "USD_billed_revenue",
                            "LOCAL_currency_code",
                            "LOCAL_currency_billed_revenue",
                            "GL_currency_code",
                            "GL_billed_revenue",
                            "Notes ",
                            "User"
                        ],
                        "validation_type": "Error"
                    },
                    "replace_value": {
                        "value": {
                            "Prdct - Legacy Dayton Products": "Prdct - Other Dayton Products"
                        },
                        "validation_type": "Warning"
                    }
                },
                "sheet_validations": {
                    "prefix": {
                        "value": {
                            "cost_center_id": null,
                            "product_name": {
                                "Prdct": 1
                            },
                            "credit_reason_code": {
                                "CR": 1
                            },
                            "SH Contract Type": {
                                "SC": 1
                            },
                            "search_type_id": {
                                "MBSS": 1,
                                "MBST": 1,
                                "R3BS": 1,
                                "DAQS": 1
                            },
                            "trans_type_id": {
                                "TXN": 1
                            },
                            "delivery_method": {
                                "Delivery Method": 1
                            },
                            "Stat_Cd": {
                                "Stat": 1
                            },
                            "state_province_cd": {
                                "STATE": 1
                            },
                            "Opportunity ID": {
                                "OPPTY": 1
                            },
                            "LOCAL_currency_code": {
                                "CUR": 1
                            },
                            "GL_currency_code": {
                                "GL": 1
                            }
                        },
                        "validation_type": "Error"
                    },
                    "id_format": {
                        "value": {
                            "split": "-",
                            "count": 2,
                            "prefix_count": 3
                        },
                        "validation_type": "Error"
                    },
                    "transaction_type": {
                        "value": {
                            "split": "-",
                            "count": 2,
                            "prefix_count": 3
                        },
                        "validation_type": "Error"
                    },
                    "scenario": {
                        "value": {
                            "DAILY RF1": 1,
                            "DAILY RF2": 1,
                            "DAILY RF3": 1,
                            "BUDGET": 1,
                            "RF1": 1,
                            "RF2": 1,
                            "RF3": 1,
                            "DAILY BUDGET": 1,
                            "DAILY FLASH": 1,
                            "FLASH": 1
                        },
                        "validation_type": "Error"
                    },
                    "date_format": {
                        "value": {
                            "scene": "ACTUAL ADJUSTMENTS",
                            "split": "-",
                            "count": [
                                3,
                                4
                            ]
                        },
                        "validation_type": "Warning"
                    },
                    "revenue_sign": {
                        "value": {
                            "group1": [
                                "USD_billed_revenue",
                                "LOCAL_currency_billed_revenue",
                                "GL_billed_revenue"
                            ],
                            "group2": [
                                "USD_oop",
                                "LOCAL_currency_oop",
                                "GL_oop"
                            ]
                        },
                        "validation_type": "Error"
                    },
                    "revenue_amount": {
                        "value": {
                            "group1": [
                                "USD_billed_revenue",
                                "LOCAL_currency_billed_revenue",
                                "GL_billed_revenue"
                            ],
                            "group2": [
                                "USD_oop",
                                "LOCAL_currency_oop",
                                "GL_oop"
                            ]
                        },
                        "validation_type": "Error"
                    }
                }
            }
        },
        "ins_hh_to_control": {
            "input": {
                "data_file": "ins_hh_to_control",
                "hpcc_validation": false,
                "required_tab": true,
                "data_columns": [
                    "hh_id",
                    "ins_control_nbr",
                    "ins_control_name",
                    "ins_company_nbr",
                    "ins_company_name"
                ],
                "columns_dtype": {
                    "hh_id": "float64",
                    "ins_control_nbr": "float64",
                    "ins_control_name": "str",
                    "ins_company_nbr": "float64",
                    "ins_company_name": "str"
                },
                "common_validations": {
                    "number_of_columns": {
                        "value": 5,
                        "validation_type": "Warning"
                    },
                    "headers": {
                        "value": {
                            "0": "hh_id",
                            "1": "ins_control_nbr"
                        },
                        "validation_type": "Error"
                    }
                },
                "sheet_validations": null
            }
        },
        "dummy_customer": {
            "input dummy account": {
                "data_file": "dummy_acct",
                "hpcc_validation": false,
                "required_tab": true,
                "data_columns": [
                    "SubAccountID",
                    "SubAccountName",
                    "TerritoryCd"
                ],
                "columns_dtype": {
                    "SubAccountID": "str",
                    "SubAccountName": "str",
                    "TerritoryCd": "str"
                },
                "common_validations": {
                    "number_of_rows": {
                        "value": 1,
                        "validation_type": "Error"
                    },
                    "number_of_columns": {
                        "value": 3,
                        "validation_type": "Warning"
                    },
                    "headers": {
                        "value": {
                            "0": "SubAccountID",
                            "1": "SubAccountName"
                        },
                        "validation_type": "Error"
                    }
                },
                "sheet_validations": null
            },
            "subaccount - hh": {
                "data_file": "dummy_acct_hh",
                "hpcc_validation": false,
                "required_tab": false,
                "data_columns": [
                    "SubAccountID",
                    "HH_ID",
                    "HH_Name"
                ],
                "columns_dtype": {
                    "SubAccountID": "str",
                    "HH_ID": "str",
                    "HH_Name": "str"
                },
                "common_validations": {
                    "number_of_rows": {
                        "value": 1,
                        "validation_type": "Error"
                    },
                    "number_of_columns": {
                        "value": 3,
                        "validation_type": "Warning"
                    },
                    "headers": {
                        "value": {
                            "0": "SubAccountID",
                            "1": "HH_ID"
                        },
                        "validation_type": "Error"
                    }
                },
                "sheet_validations": null
            },
            "hh dummy": {
                "data_file": "dummy_hh",
                "hpcc_validation": false,
                "required_tab": false,
                "data_columns": [
                    "HH_ID",
                    "HH_Name"
                ],
                "columns_dtype": {
                    "HH_ID": "str",
                    "HH_Name": "str"
                },
                "common_validations": {
                    "number_of_rows": {
                        "value": 1,
                        "validation_type": "Error"
                    },
                    "number_of_columns": {
                        "value": 2,
                        "validation_type": "Warning"
                    },
                    "headers": {
                        "value": {
                            "0": "HH_ID",
                            "1": "HH_Name"
                        },
                        "validation_type": "Error"
                    }
                },
                "sheet_validations": null
            },
            "legal entity": {
                "data_file": "dummy_acct_legal_entity",
                "hpcc_validation": false,
                "required_tab": false,
                "data_columns": [
                    "SubAccountID",
                    "Legal Entity ID",
                    "legal_entity_name"
                ],
                "columns_dtype": {
                    "SubAccountID": "str",
                    "Legal Entity ID": "str",
                    "legal_entity_name": "str"
                },
                "common_validations": {
                    "number_of_rows": {
                        "value": 1,
                        "validation_type": "Error"
                    },
                    "number_of_columns": {
                        "value": 3,
                        "validation_type": "Warning"
                    },
                    "headers": {
                        "value": {
                            "0": "SubAccountID",
                            "1": "Legal Entity ID"
                        },
                        "validation_type": "Error"
                    }
                },
                "sheet_validations": null
            },
            "reseller parent": {
                "data_file": "dummy_reseller_parent",
                "hpcc_validation": false,
                "required_tab": false,
                "data_columns": [
                    "SubAccountID",
                    "mbs_reseller_parent_company_id",
                    "mbs_reseller_parent_name"
                ],
                "columns_dtype": {
                    "SubAccountID": "str",
                    "mbs_reseller_parent_company_id": "str",
                    "mbs_reseller_parent_name": "str"
                },
                "common_validations": {
                    "number_of_rows": {
                        "value": 1,
                        "validation_type": "Error"
                    },
                    "number_of_columns": {
                        "value": 3,
                        "validation_type": "Warning"
                    },
                    "headers": {
                        "value": {
                            "0": "SubAccountID",
                            "1": "mbs_reseller_parent_company_id"
                        },
                        "validation_type": "Error"
                    }
                },
                "sheet_validations": null
            },
            "rep assignment": {
                "data_file": "SALES_ASSIGNMENTS_OTHERS",
                "hpcc_validation": false,
                "required_tab": false,
                "data_columns": [
                    "sub_account_id",
                    "vc_id",
                    "account_name",
                    "sub_account_rud",
                    "primary_territory",
                    "primary_effective_date",
                    "primary_rud",
                    "secondary_territory",
                    "secondary_effective_date",
                    "secondary_rud",
                    "product_id",
                    "gc_id",
                    "sub_product_id"
                ],
                "columns_dtype": {
                    "sub_account_id": "str",
                    "vc_id": "str",
                    "account_name": "str",
                    "sub_account_rud": "str",
                    "primary_territory": "str",
                    "primary_effective_date": "str",
                    "primary_rud": "str",
                    "secondary_territory": "str",
                    "secondary_effective_date": "str",
                    "secondary_rud": "str",
                    "product_id": "str",
                    "gc_id": "str",
                    "sub_product_id": "str"
                },
                "common_validations": {
                    "number_of_rows": {
                        "value": 1,
                        "validation_type": "Error"
                    },
                    "number_of_columns": {
                        "value": 3,
                        "validation_type": "Warning"
                    },
                    "headers": {
                        "value": {
                            "0": "sub_account_id"
                        },
                        "validation_type": "Error"
                    }
                },
                "sheet_validations": null
            }
        },
        "search_type": {
            "sheet1": {
                "data_file": "search_type",
                "hpcc_validation": true,
                "required_tab": true,
                "data_columns": [
                    "search_type_sk",
                    "search_type_id",
                    "search_type_name",
                    "source",
                    "srch_gen01_cd",
                    "srch_gen02_cd",
                    "srch_gen03_cd",
                    "srch_typ_fs_prdct_report_gen01",
                    "srch_typ_fs_prdct_report_gen02",
                    "search_type_scoring_report_group",
                    "search_type_iid_mgmt_flag",
                    "search_type_iid_group",
                    "inscombo_gen01",
                    "inscombo_gen02",
                    "fido_product_sk",
                    "fido_srch_prdct_mapping",
                    "mvr_rpt_group1",
                    "mvr_rpt_group2",
                    "product_vertical",
                    "product_vertical_py",
                    "ins_unit_adj_type",
                    "ins_unit_adj_description",
                    "count_type",
                    "process_id",
                    "process_name",
                    "first_seen_dt",
                    "last_seen_dt",
                    "renewal_new_business",
                    "bill_type",
                    "file_type",
                    "srch_gen04_cd",
                    "first_seen_revenue_dt",
                    "allocation_revenue_flag",
                    "is_fcra",
                    "alt_gen01",
                    "alt_gen02",
                    "alt_gen03",
                    "analytics_flag",
                    "activity_file_rollup",
                    "alt_ins_gen01",
                    "alt_ins_gen02",
                    "alt_ins_gen03",
                    "alt_ins_gen04",
                    "alt_hc_gen01",
                    "alt_hc_gen02",
                    "alt_hc_gen03",
                    "alt_hc_gen04",
                    "hc_product_start_date",
                    "hc_product_end_date",
                    "alt_tsm_grouping",
                    "search_type_country",
                    "brg_wco_gen01",
                    "brg_wco_gen02",
                    "business_state_name"
                ],
                "columns_dtype": {
                    "search_type_sk": "float64",
                    "search_type_id": "str",
                    "search_type_name": "str",
                    "source": "str",
                    "srch_gen01_cd": "str",
                    "srch_gen02_cd": "str",
                    "srch_gen03_cd": "str",
                    "srch_typ_fs_prdct_report_gen01": "str",
                    "srch_typ_fs_prdct_report_gen02": "str",
                    "search_type_scoring_report_group": "str",
                    "search_type_iid_mgmt_flag": "str",
                    "search_type_iid_group": "str",
                    "inscombo_gen01": "str",
                    "inscombo_gen02": "str",
                    "fido_product_sk": "float64",
                    "fido_srch_prdct_mapping": "str",
                    "mvr_rpt_group1": "str",
                    "mvr_rpt_group2": "str",
                    "product_vertical": "str",
                    "product_vertical_py": "str",
                    "ins_unit_adj_type": "str",
                    "ins_unit_adj_description": "str",
                    "count_type": "str",
                    "process_id": "str",
                    "process_name": "str",
                    "first_seen_dt": "float64",
                    "last_seen_dt": "float64",
                    "renewal_new_business": "str",
                    "bill_type": "str",
                    "file_type": "str",
                    "srch_gen04_cd": "str",
                    "first_seen_revenue_dt": "float64",
                    "allocation_revenue_flag": "str",
                    "is_fcra": "str",
                    "alt_gen01": "str",
                    "alt_gen02": "str",
                    "alt_gen03": "str",
                    "analytics_flag": "str",
                    "activity_file_rollup": "str",
                    "alt_ins_gen01": "str",
                    "alt_ins_gen02": "str",
                    "alt_ins_gen03": "str",
                    "alt_ins_gen04": "str",
                    "alt_hc_gen01": "str",
                    "alt_hc_gen02": "str",
                    "alt_hc_gen03": "str",
                    "alt_hc_gen04": "str",
                    "hc_product_start_date": "float64",
                    "hc_product_end_date": "float64",
                    "alt_tsm_grouping": "str",
                    "search_type_country": "str",
                    "brg_wco_gen01": "str",
                    "brg_wco_gen02": "str",
                    "business_state_name": "str",
                    "bsv_product_age": "str",
                    "ins_gtm_num": "str",
                    "revenue_flag": "str",
                    "vc_flag": "str",
                    "essbase_flag": "str",
                    "revenue_type_indicator": "str",
                    "transaction_user_role_type": "str",
                    "cash_flag": "str",
                    "appears_on_invoice": "str"
                },
                "common_validations": {
                    "number_of_columns": {
                        "value": 64,
                        "validation_type": "Warning"
                    },
                    "headers": {
                        "value": {
                            "0": "search_type_sk",
                            "1": "search_type_id",
                            "2": "search_type_name",
                            "3": "source"
                        },
                        "validation_type": "Error"
                    },
                    "required_values": {
                        "value": [
                            "search_type_sk",
                            "search_type_id",
                            "search_type_name",
                            "source"
                        ],
                        "validation_type": "Error"
                    }
                },
                "sheet_validations": null
            }
        },
        "vc": {
            "vc_dim_defined_values": {
                "data_file": "vc_dim_defined_values",
                "hpcc_validation": false,
                "required_tab": false,
                "data_columns": [
                    "vc_dim_flag",
                    "values"
                ],
                "columns_dtype": {
                    "vc_dim_flag": "str",
                    "values": "str"
                },
                "common_validations": null,
                "sheet_validations": null
            },
            "vc_territory_attributes": {
                "data_file": "vc_territory_attributes",
                "hpcc_validation": false,
                "required_tab": false,
                "data_columns": [
                    "LNRS Vertical",
                    "Division",
                    "Region",
                    "Region2",
                    "Team",
                    "Role",
                    "Territory_id"
                ],
                "columns_dtype": {
                    "LNRS Vertical": "str",
                    "Division": "str",
                    "Region": "str",
                    "Region2": "str",
                    "Team": "str",
                    "Role": "str",
                    "Territory_id": "float64"
                },
                "common_validations": null,
                "sheet_validations": null
            },
            "vc_base": {
                "data_file": "vc_base",
                "hpcc_validation": false,
                "required_tab": false,
                "data_columns": [
                    "hist_subaccount_id",
                    "date_sk",
                    "cal type",
                    "local_currency",
                    "amount"
                ],
                "columns_dtype": {
                    "hist_subaccount_id": "str",
                    "date_sk": "float64",
                    "cal type": "str",
                    "local_currency": "str",
                    "amount": "float64"
                },
                "common_validations": null,
                "sheet_validations": null
            },
            "vc_incremental_goal": {
                "data_file": "vc_incremental_goal",
                "hpcc_validation": false,
                "required_tab": false,
                "data_columns": [
                    "territory_id",
                    "goal_type",
                    "team",
                    "date_sk",
                    "local_currency",
                    "amount"
                ],
                "columns_dtype": {
                    "territory_id": "float64",
                    "goal_type": "str",
                    "team": "str",
                    "date_sk": "float64",
                    "local_currency": "str",
                    "amount": "float64"
                },
                "common_validations": null,
                "sheet_validations": null
            },
            "vc_adjustment": {
                "data_file": "vc_adjustment",
                "hpcc_validation": false,
                "required_tab": false,
                "data_columns": [
                    "Business Unit",
                    "hist_subaccount_id",
                    "territory_id",
                    "adj_type",
                    "adj_reason",
                    "adj_method",
                    "effective_date_sk",
                    "reference_year_month",
                    "local_currency",
                    "amount"
                ],
                "columns_dtype": {
                    "Business Unit": "str",
                    "hist_subaccount_id": "str",
                    "territory_id": "float64",
                    "adj_type": "str",
                    "adj_reason": "str",
                    "adj_method": "str",
                    "effective_date_sk": "float64",
                    "reference_year_month": "float64",
                    "local_currency": "str",
                    "amount": "float64"
                },
                "common_validations": null,
                "sheet_validations": null
            }
        }
    },
    "hpcc_configurations": {
        "appriss_oop_revenue_adjustment": {
            "template": "monthly_reimbursement_special_report",
            "validation": null,
            "build": "manual_load_main_build"
        },
        "ins_vertical_allocation_override": {
            "template": "ins_vertical_allocation_override",
            "validation": null,
            "build": "manual_load_main_build"
        },
        "opportunity_incremental_mapping": {
            "template": "opportunity_incremental_mapping",
            "validation": null,
            "build": "manual_load_main_build"
        },
        "mbs_product_allocation_rules": {
            "template": "mbs_product_allocation_rules",
            "validation": null,
            "build": "manual_load_main_build"
        },
        "ins_growth_metric_realtime_override": {
            "template": "ins_growth_metric_override",
            "validation": {
                "sleep_time": 4,
                "build": "manual_load_spray_validate_overide"
            },
            "build": "manual_load_main_build"
        },
        "pmk_vertical_allocation": {
            "template": "pmk_vertical_allocation",
            "validation": null,
            "build": "manual_load_main_build"
        },
        "ins_forecast_fact_details": {
            "template": "fact_forecast_details",
            "group": "ins_forecast",
            "validation": null,
            "build": "manual_load_forecast_insurance_fact_details"
        },
        "ins_control_forecast_fact_details": {
            "template": "fact_forecast_details",
            "group": "ins_forecast",
            "validation": null,
            "build": "manual_load_forecast_insurance_fact_details"
        },
        "hc_forecast_fact_details": {
            "template": "fact_forecast_details",
            "group": "hc_forecast",
            "validation": null,
            "build": "manual_load_forecast_healthcare_fact_details"
        },
        "hc_control_forecast_fact_details": {
            "template": "fact_forecast_details",
            "group": "hc_forecast",
            "validation": null,
            "build": "manual_load_forecast_healthcare_fact_details"
        },
        "bsv_forecast_fact_details": {
            "template": "fact_forecast_details",
            "group": "bsv_forecast",
            "validation": {
                "sleep_time": 10,
                "build": "manual_load_spray_validate_forecast_bsv_fact_details"
            },
            "build": "manual_load_forecast_bsv_fact_details"
        },
        "bsv_control_forecast_fact_details": {
            "template": "fact_forecast_details",
            "group": "bsv_forecast",
            "validation": null,
            "build": "manual_load_forecast_bsv_fact_details"
        },
        "bsv_forecast_exchange_rate": {
            "template": "fact_forecast_details",
            "group": "bsv_forecast",
            "validation": null,
            "build": "manual_load_forecast_bsv_fact_details"
        },
        "cy_vertical": {
            "template": "customer_attributes",
            "validation": {
                "sleep_time": 6,
                "build": "manual_load_spray_validate_cy_vertical"
            },
            "build": "manual_load_main_build"
        },
        "sub_market_cd": {
            "template": "customer_attributes",
            "validation": null,
            "build": "manual_load_main_build"
        },
        "bs_aba_ind": {
            "template": "customer_attributes",
            "validation": null,
            "build": "manual_load_main_build"
        },
        "bussrv_crd_customer": {
            "template": "customer_attributes",
            "validation": null,
            "build": "manual_load_main_build"
        },
        "acquisition_tracking_customer": {
            "template": "customer_attributes",
            "validation": null,
            "build": "manual_load_main_build"
        },
        "direct_reseller": {
            "template": "customer_attributes",
            "validation": null,
            "build": "manual_load_main_build"
        },
        "segment_lead": {
            "template": "customer_attributes",
            "validation": null,
            "build": "manual_load_main_build"
        },
        "primary_market_code": {
            "template": "customer_attributes",
            "validation": null,
            "build": "manual_load_main_build"
        },
        "govt_cy_tier": {
            "template": "customer_attributes",
            "validation": null,
            "build": "manual_load_main_build"
        },
        "subaccount_country_mapping": {
            "template": "customer_attributes",
            "validation": null,
            "build": "manual_load_main_build"
        },
        "customer_use_case": {
            "template": "customer_attributes",
            "validation": null,
            "build": "manual_load_main_build"
        },
        "customer_revenue_segment": {
            "template": "customer_attributes",
            "validation": null,
            "build": "manual_load_main_build"
        },
        "account_submarket_gov_level": {
            "template": "customer_attributes",
            "validation": null,
            "build": "manual_load_main_build"
        },
        "customer_business_segment": {
            "template": "customer_attributes",
            "validation": null,
            "build": "manual_load_main_build"
        },
        "hh_industry": {
            "template": "customer_attributes",
            "validation": null,
            "build": "manual_load_main_build"
        },
        "hh_industry_rollup": {
            "template": "customer_attributes",
            "validation": null,
            "build": "manual_load_main_build"
        },
        "search_type_product_categories": {
            "template": "product_categories",
            "validation": null,
            "build": "manual_load_main_build"
        },
        "revenue_adjustment": {
            "template": "revenue_adjustment",
            "validation": {
                "sleep_time": 2,
                "build": "manual_load_spray_validate_revenue_adjustments"
            },
            "build": "manual_load_build_revenue_adjustments"
        },
        "ins_hh_to_control": {
            "template": "ins_hh_to_control",
            "validation": null,
            "build": "manual_load_main_build"
        },
        "dummy_acct": {
            "template": "dummy_customer",
            "validation": null,
            "build": "manual_load_build_dummy_customer"
        },
        "dummy_acct_hh": {
            "template": "dummy_customer",
            "validation": null,
            "build": "manual_load_build_dummy_customer"
        },
        "dummy_hh": {
            "template": "dummy_customer",
            "validation": null,
            "build": "manual_load_build_dummy_customer"
        },
        "dummy_acct_legal_entity": {
            "template": "dummy_customer",
            "validation": null,
            "build": "manual_load_build_dummy_customer"
        },
        "dummy_reseller_parent": {
            "template": "dummy_customer",
            "validation": null,
            "build": "manual_load_build_dummy_customer"
        },
        "SALES_ASSIGNMENTS_OTHERS": {
            "template": "dummy_customer",
            "validation": null,
            "build": "manual_load_build_dummy_customer"
        },
        "search_type": {
            "template": "search_type",
            "validation": {
                "sleep_time": 8,
                "build": "manual_load_spray_validate_search_type"
            },
            "build": "manual_load_main_build"
        },
        "vc_dim_defined_values": {
            "template": "vc",
            "validation": null,
            "build": "manual_load_vc_01_pre_build"
        },
        "vc_territory_attributes": {
            "template": "vc",
            "validation": null,
            "build": "manual_load_vc_01_pre_build"
        },
        "vc_base": {
            "template": "vc",
            "validation": null,
            "build": "manual_load_vc_02_base"
        },
        "vc_incremental_goal": {
            "template": "vc",
            "validation": null,
            "build": "manual_load_vc_03_incremental_goal"
        },
        "vc_adjustment": {
            "template": "vc",
            "validation": null,
            "build": "manual_load_vc_04_adjustment"
        }
    },
    "communications": {
        "drop_zone_folders": {
            "business_services": "Finance_Business services",
            "accounting": "Acctg_Revenue Adjustments",
            "government": "Finance_Government",
            "healthcare": "Finance_Healthcare",
            "insurance": "Finance_Insurance",
            "forecast": "Forecast",
            "fido": "Finance_Fido",
            "vc": "vc"
        },
        "distribution_list": {
            "Acctg_Revenue Adjustments": [
                "acctng_fidodata@lexisnexisrisk.com",
                "olga.agent@lexisnexisrisk.com",
                "tom.cleeve@lexisnexisrisk.com",
                "jane.fernandes@lexisnexisrisk.com",
                "deanna.soundaraju@lexisnexisrisk.com",
                "alex.waymark@lexisnexisrisk.com"
            ],
            "Finance_Business services": [
                "bsv.fidodata@lexisnexisrisk.com",
                "ryan.cullen@lexisnexisrisk.com"
            ],
            "Finance_Insurance": [
                "ins.fidodata@lexisnexisrisk.com"
            ],
            "Finance_Government": [
                "govt.fidodata@lexisnexisrisk.com"
            ],
            "Finance_Healthcare": [
                "hc.fidodata@lexisnexisrisk.com"
            ],
            "Finance_Fido": [
                "fidofinance@lexisnexisrisk.com"
            ],
            "Forecast": [
                "BIrelease@lexisnexisrisk.com"
            ],
            "vc": [
                "vc.fidodata@lexisnexisrisk.com",
                "hua.xia@lexisnexisrisk.com"
            ]
        },
        "send_from": "FIDO@lexisnexisrisk.com",
        "team_list": [
            "kevin.anderson@lexisnexisrisk.com"
        ],
        "CC": [
            "fido.ops@lexisnexisrisk.com",
            "fidofinance@lexisnexisrisk.com"
        ],
        "report": {
            "alert": "Alert :: Manual Load :: ",
            "logs": "Log :: Manual Load :: ",
            "errors": "Log :: Errors :: Manual Load :: ",
            "summary": "Summary :: Manual Load :: Build :: ",
            "success": "Success :: Manual Load :: Build :: ",
            "error": "Error :: Manual Load :: Build :: ",
            "general": {
                "columns": [
                    "Working Start Time",
                    "Template",
                    "User",
                    "Filename",
                    "Worksheet",
                    "Total Records",
                    "Pre-HPCC Validation",
                    "HPCC Stage_Fact",
                    "Stage_Fact WUID",
                    "Stage_Fact WuMSG"
                ],
                "data": [
                    "Working Start Time",
                    "Template",
                    "User",
                    "Filename",
                    "Worksheet",
                    "Total Records"
                ]
            },
            "ins_growth_metric_override": {
                "columns": [
                    "Working Start Time",
                    "Template",
                    "User",
                    "Filename",
                    "Worksheet",
                    "Total Records",
                    "Total Billed Revenue",
                    "Pre-HPCC Validation",
                    "HPCC Validation",
                    "Validation WUID",
                    "HPCC Stage_Fact",
                    "Stage_Fact WUID",
                    "Stage_Fact WuMSG",
                    "Validation WuMSG"
                ],
                "data": [
                    "Working Start Time",
                    "Template",
                    "User",
                    "Filename",
                    "Worksheet",
                    "Total Records",
                    "Total Billed Revenue"
                ]
            },
            "fact_forecast_details": {
                "columns": [
                    "Working Start Time",
                    "Template",
                    "User",
                    "Filename",
                    "Layout",
                    "Total Records",
                    "Pre-HPCC Validation",
                    "HPCC Validation",
                    "Validation WUID",
                    "HPCC Stage_Fact",
                    "Stage_Fact WUID",
                    "Stage_Fact WuMSG",
                    "Validation WuMSG"
                ],
                "data": [
                    "Working Start Time",
                    "Template",
                    "User",
                    "Filename",
                    "Layout",
                    "Total Records"
                ]
            },
            "customer_attributes": {
                "columns": [
                    "Working Start Time",
                    "Template",
                    "User",
                    "Filename",
                    "Worksheet",
                    "Total Records",
                    "Pre-HPCC Validation",
                    "HPCC Validation",
                    "Validation WUID",
                    "HPCC Stage_Fact",
                    "Stage_Fact WUID",
                    "Stage_Fact WuMSG",
                    "Validation WuMSG"
                ],
                "data": [
                    "Working Start Time",
                    "Template",
                    "User",
                    "Filename",
                    "Worksheet",
                    "Total Records"
                ]
            },
            "revenue_adjustment": {
                "columns": [
                    "Working Start Time",
                    "Template",
                    "User",
                    "Filename",
                    "Worksheet",
                    "Total Records",
                    "Scenario Name",
                    "Total Billed Revenue",
                    "Pre-HPCC Validation",
                    "HPCC Validation",
                    "Validation WUID",
                    "HPCC Stage_Fact",
                    "Stage_Fact WUID",
                    "Stage_Fact WuMSG",
                    "Validation WuMSG"
                ],
                "data": [
                    "Working Start Time",
                    "Template",
                    "User",
                    "Filename",
                    "Worksheet",
                    "Total Records",
                    "Scenario Name",
                    "Total Billed Revenue"
                ]
            },
            "search_type": {
                "columns": [
                    "Working Start Time",
                    "Template",
                    "User",
                    "Filename",
                    "Worksheet",
                    "Total Records",
                    "Pre-HPCC Validation",
                    "HPCC Validation",
                    "Validation WUID",
                    "HPCC Stage_Fact",
                    "Stage_Fact WUID",
                    "Stage_Fact WuMSG",
                    "Validation WuMSG"
                ],
                "data": [
                    "Working Start Time",
                    "Template",
                    "User",
                    "Filename",
                    "Worksheet",
                    "Total Records"
                ]
            }
        },
        "teams_webhook_url": "https://reedelsevier.webhook.office.com/webhookb2/{0}"
    }
}