[
    {    
        "Source_Content": "UserManagement_Employee",
        "API_Full_Path": "/wfo/user-mgmt-api/v1/employees/",
        "Target_File": "D:\\red\\data\\inbound\\verint\\daily\\User_Management\\Employee.json",
        "Timed_Out_Seconds": "20",
        "Re_Hit_Cap":"5",
        "Sleep_Seconds" : "10"
    },
    {    
        "Source_Content": "UserManagement_Organization",
        "API_Full_Path": "/wfo/user-mgmt-api/v1/organizations",
        "Target_File": "D:\\red\\data\\inbound\\verint\\daily\\User_Management\\Organization.json",
        "Timed_Out_Seconds": "20",
        "Re_Hit_Cap":"5",
        "Sleep_Seconds" : "10"        
    },
    {    
        "Source_Content": "UserManagement_Group",
        "API_Full_Path": "/wfo/user-mgmt-api/v1/groups",
        "Target_File": "D:\\red\\data\\inbound\\verint\\daily\\User_Management\\Group.json",
        "Timed_Out_Seconds": "20",
        "Re_Hit_Cap":"5",
        "Sleep_Seconds" : "10"
    },
    {
        "Source_Content": "UserManagement_Skill",        
        "APIPath_Part1": "/wfo/user-mgmt-api/v1/organizations",
        "APIPath_Part2": "/skills",
        "Target_File": "D:\\red\\data\\inbound\\verint\\daily\\User_Management\\Skill.json",
        "Dependent_File": "D:\\red\\data\\inbound\\verint\\daily\\User_Management\\Organization.json",
        "Dependent_Column": "id",
        "Dependent_Parent_Tag": "data",
        "Timed_Out_Seconds": "20",
        "Re_Hit_Cap":"5",
        "Sleep_Seconds" : "10"
    },
    {    
        "Source_Content": "UserManagement_Role",
        "API_Full_Path": "/wfo/user-mgmt-api/v1/roles",
        "Target_File": "D:\\red\\data\\inbound\\verint\\daily\\User_Management\\Role.json",
        "Timed_Out_Seconds": "20",
        "Re_Hit_Cap":"5",
        "Sleep_Seconds" : "10"
    },
    {
        "Source_Content": "UserManagement_UserPreferences",        
        "APIPath_Part1": "/wfo/user-mgmt-api/v1/employees/",
        "APIPath_Part2": "/preferences",
        "APIPath_Parameter": "?keys=UserTimezone,UserLanguage,UserDefaultPageRows",
        "Target_File": "D:\\red\\data\\inbound\\verint\\daily\\User_Management\\UserPreferences.json",
        "Dependent_File": "D:\\red\\data\\inbound\\verint\\daily\\User_Management\\Employee.json",
        "Dependent_Column": "id",
        "Dependent_Parent_Tag": "data",
        "Timed_Out_Seconds": "20",
        "Re_Hit_Cap":"5",
        "Sleep_Seconds" : "10"
    },
    {
        "Source_Content": "UserManagement_AccessRights",        
        "APIPath_Part1": "/wfo/user-mgmt-api/v1/employees/",
        "APIPath_Part2": "/roles",
        "Target_File": "D:\\red\\data\\inbound\\verint\\daily\\User_Management\\AccessRights.json",
        "Dependent_File": "D:\\red\\data\\inbound\\verint\\daily\\User_Management\\Employee.json",
        "Dependent_Column": "id",
        "Dependent_Parent_Tag": "data",
        "Timed_Out_Seconds": "180",
        "Re_Hit_Cap":"3",
        "Sleep_Seconds" : "10"
    },
    {
        "Source_Content": "RecordingIntegration_DataSources",        
        "API_Full_Path": "/wfo/api/em/recorder/v2/datasources",
        "Target_File": "D:\\red\\data\\inbound\\verint\\daily\\Recording_Integration\\DataSources.json", 
        "Timed_Out_Seconds": "20",
        "Re_Hit_Cap":"5",
        "Sleep_Seconds" : "10"
    },
    {
        "Source_Content": "RecordingIntegration_DataPorts_AlcatelTrunkMember",        
        "APIPath_Part1": "/wfo/api/em/recorder/v2/datasources",
        "APIPath_Part2": "/dataports",
        "APIPath_Parameter": "?dataPortType=AlcatelTrunkMember",
        "Target_File": "D:\\red\\data\\inbound\\verint\\daily\\Recording_Integration\\DataPorts_AlcatelTrunkMember.json",
        "Dependent_File": "D:\\red\\data\\inbound\\verint\\daily\\Recording_Integration\\DataSources.json",
        "Dependent_Column": "id",
        "Dependent_Parent_Tag": "data",
        "Timed_Out_Seconds": "20",
        "Re_Hit_Cap":"5",
        "Sleep_Seconds" : "10"
    },	
    {
        "Source_Content": "RecordingIntegration_DataPorts_AspectTrunkMember",        
        "APIPath_Part1": "/wfo/api/em/recorder/v2/datasources",
        "APIPath_Part2": "/dataports",
        "APIPath_Parameter": "?dataPortType=AspectTrunkMember",
        "Target_File": "D:\\red\\data\\inbound\\verint\\daily\\Recording_Integration\\DataPorts_AspectTrunkMember.json",
        "Dependent_File": "D:\\red\\data\\inbound\\verint\\daily\\Recording_Integration\\DataSources.json",
        "Dependent_Column": "id",
        "Dependent_Parent_Tag": "data",
        "Timed_Out_Seconds": "20",
        "Re_Hit_Cap":"5",
        "Sleep_Seconds" : "10"
    },	
    {
        "Source_Content": "RecordingIntegration_DataPorts_Channel",        
        "APIPath_Part1": "/wfo/api/em/recorder/v2/datasources",
        "APIPath_Part2": "/dataports",
        "APIPath_Parameter": "?dataPortType=Channel",
        "Target_File": "D:\\red\\data\\inbound\\verint\\daily\\Recording_Integration\\DataPorts_Channel.json",
        "Dependent_File": "D:\\red\\data\\inbound\\verint\\daily\\Recording_Integration\\DataSources.json",
        "Dependent_Column": "id",
        "Dependent_Parent_Tag": "data",
        "Timed_Out_Seconds": "20",
        "Re_Hit_Cap":"5",
        "Sleep_Seconds" : "10"
    },
    {
        "Source_Content": "RecordingIntegration_DataPorts_DataFeed",        
        "APIPath_Part1": "/wfo/api/em/recorder/v2/datasources",
        "APIPath_Part2": "/dataports",
        "APIPath_Parameter": "?dataPortType=DataFeed",
        "Target_File": "D:\\red\\data\\inbound\\verint\\daily\\Recording_Integration\\DataPorts_DataFeed.json",
        "Dependent_File": "D:\\red\\data\\inbound\\verint\\daily\\Recording_Integration\\DataSources.json",
        "Dependent_Column": "id",
        "Dependent_Parent_Tag": "data",
        "Timed_Out_Seconds": "20",
        "Re_Hit_Cap":"5",
        "Sleep_Seconds" : "10"
    },
    {
        "Source_Content": "RecordingIntegration_DataPorts_DeviceIP",        
        "APIPath_Part1": "/wfo/api/em/recorder/v2/datasources",
        "APIPath_Part2": "/dataports",
        "APIPath_Parameter": "?dataPortType=DeviceIP",
        "Target_File": "D:\\red\\data\\inbound\\verint\\daily\\Recording_Integration\\DataPorts_DeviceIP.json",
        "Dependent_File": "D:\\red\\data\\inbound\\verint\\daily\\Recording_Integration\\DataSources.json",
        "Dependent_Column": "id",
        "Dependent_Parent_Tag": "data",
        "Timed_Out_Seconds": "20",
        "Re_Hit_Cap":"5",
        "Sleep_Seconds" : "10"
    },
    {
        "Source_Content": "RecordingIntegration_DataPorts_DeviceLocationResource",        
        "APIPath_Part1": "/wfo/api/em/recorder/v2/datasources",
        "APIPath_Part2": "/dataports",
        "APIPath_Parameter": "?dataPortType=DeviceLocationResource",
        "Target_File": "D:\\red\\data\\inbound\\verint\\daily\\Recording_Integration\\DataPorts_DeviceLocationResource.json",
        "Dependent_File": "D:\\red\\data\\inbound\\verint\\daily\\Recording_Integration\\DataSources.json",
        "Dependent_Column": "id",
        "Dependent_Parent_Tag": "data",
        "Timed_Out_Seconds": "20",
        "Re_Hit_Cap":"5",
        "Sleep_Seconds" : "10"
    },
    {
        "Source_Content": "RecordingIntegration_DataPorts_DevicesPool",        
        "APIPath_Part1": "/wfo/api/em/recorder/v2/datasources",
        "APIPath_Part2": "/dataports",
        "APIPath_Parameter": "?dataPortType=DevicesPool",
        "Target_File": "D:\\red\\data\\inbound\\verint\\daily\\Recording_Integration\\DataPorts_DevicesPool.json",
        "Dependent_File": "D:\\red\\data\\inbound\\verint\\daily\\Recording_Integration\\DataSources.json",
        "Dependent_Column": "id",
        "Dependent_Parent_Tag": "data",
        "Timed_Out_Seconds": "20",
        "Re_Hit_Cap":"5",
        "Sleep_Seconds" : "10"
    },
    {
        "Source_Content": "RecordingIntegration_DataPorts_Employee",        
        "APIPath_Part1": "/wfo/api/em/recorder/v2/datasources",
        "APIPath_Part2": "/dataports",
        "APIPath_Parameter": "?dataPortType=Employee",
        "Target_File": "D:\\red\\data\\inbound\\verint\\daily\\Recording_Integration\\DataPorts_Employee.json",
        "Dependent_File": "D:\\red\\data\\inbound\\verint\\daily\\Recording_Integration\\DataSources.json",
        "Dependent_Column": "id",
        "Dependent_Parent_Tag": "data",
        "Timed_Out_Seconds": "20",
        "Re_Hit_Cap":"5",
        "Sleep_Seconds" : "10"
    },
    {
        "Source_Content": "RecordingIntegration_DataPorts_Extension",        
        "APIPath_Part1": "/wfo/api/em/recorder/v2/datasources",
        "APIPath_Part2": "/dataports",
        "APIPath_Parameter": "?dataPortType=Extension",
        "Target_File": "D:\\red\\data\\inbound\\verint\\daily\\Recording_Integration\\DataPorts_Extension.json",
        "Dependent_File": "D:\\red\\data\\inbound\\verint\\daily\\Recording_Integration\\DataSources.json",
        "Dependent_Column": "id",
        "Dependent_Parent_Tag": "data",
        "Timed_Out_Seconds": "20",
        "Re_Hit_Cap":"5",
        "Sleep_Seconds" : "10"
    },
    {
        "Source_Content": "RecordingIntegration_DataPorts_GenericTrunkMember",        
        "APIPath_Part1": "/wfo/api/em/recorder/v2/datasources",
        "APIPath_Part2": "/dataports",
        "APIPath_Parameter": "?dataPortType=GenericTrunkMember",
        "Target_File": "D:\\red\\data\\inbound\\verint\\daily\\Recording_Integration\\DataPorts_GenericTrunkMember.json",
        "Dependent_File": "D:\\red\\data\\inbound\\verint\\daily\\Recording_Integration\\DataSources.json",
        "Dependent_Column": "id",
        "Dependent_Parent_Tag": "data",
        "Timed_Out_Seconds": "20",
        "Re_Hit_Cap":"5",
        "Sleep_Seconds" : "10"
    },
    {
        "Source_Content": "RecordingIntegration_DataPorts_Hostname",        
        "APIPath_Part1": "/wfo/api/em/recorder/v2/datasources",
        "APIPath_Part2": "/dataports",
        "APIPath_Parameter": "?dataPortType=Hostname",
        "Target_File": "D:\\red\\data\\inbound\\verint\\daily\\Recording_Integration\\DataPorts_Hostname.json",
        "Dependent_File": "D:\\red\\data\\inbound\\verint\\daily\\Recording_Integration\\DataSources.json",
        "Dependent_Column": "id",
        "Dependent_Parent_Tag": "data",
        "Timed_Out_Seconds": "20",
        "Re_Hit_Cap":"5",
        "Sleep_Seconds" : "10"
    },
    {
        "Source_Content": "RecordingIntegration_DataPorts_IPNetworkRegion",        
        "APIPath_Part1": "/wfo/api/em/recorder/v2/datasources",
        "APIPath_Part2": "/dataports",
        "APIPath_Parameter": "?dataPortType=IPNetworkRegion",
        "Target_File": "D:\\red\\data\\inbound\\verint\\daily\\Recording_Integration\\DataPorts_IPNetworkRegion.json",
        "Dependent_File": "D:\\red\\data\\inbound\\verint\\daily\\Recording_Integration\\DataSources.json",
        "Dependent_Column": "id",
        "Dependent_Parent_Tag": "data",
        "Timed_Out_Seconds": "20",
        "Re_Hit_Cap":"5",
        "Sleep_Seconds" : "10"
    },
    {
        "Source_Content": "RecordingIntegration_DataPorts_IPSubnet",        
        "APIPath_Part1": "/wfo/api/em/recorder/v2/datasources",
        "APIPath_Part2": "/dataports",
        "APIPath_Parameter": "?dataPortType=IPSubnet",
        "Target_File": "D:\\red\\data\\inbound\\verint\\daily\\Recording_Integration\\DataPorts_IPSubnet.json",
        "Dependent_File": "D:\\red\\data\\inbound\\verint\\daily\\Recording_Integration\\DataSources.json",
        "Dependent_Column": "id",
        "Dependent_Parent_Tag": "data",
        "Timed_Out_Seconds": "20",
        "Re_Hit_Cap":"5",
        "Sleep_Seconds" : "10"
    },
    {
        "Source_Content": "RecordingIntegration_DataPorts_NortelTrunkMember",        
        "APIPath_Part1": "/wfo/api/em/recorder/v2/datasources",
        "APIPath_Part2": "/dataports",
        "APIPath_Parameter": "?dataPortType=NortelTrunkMember",
        "Target_File": "D:\\red\\data\\inbound\\verint\\daily\\Recording_Integration\\DataPorts_NortelTrunkMember.json",
        "Dependent_File": "D:\\red\\data\\inbound\\verint\\daily\\Recording_Integration\\DataSources.json",
        "Dependent_Column": "id",
        "Dependent_Parent_Tag": "data",
        "Timed_Out_Seconds": "20",
        "Re_Hit_Cap":"5",
        "Sleep_Seconds" : "10"
    },
    {
        "Source_Content": "RecordingIntegration_DataPorts_Organization",        
        "APIPath_Part1": "/wfo/api/em/recorder/v2/datasources",
        "APIPath_Part2": "/dataports",
        "APIPath_Parameter": "?dataPortType=Organization",
        "Target_File": "D:\\red\\data\\inbound\\verint\\daily\\Recording_Integration\\DataPorts_Organization.json",
        "Dependent_File": "D:\\red\\data\\inbound\\verint\\daily\\Recording_Integration\\DataSources.json",
        "Dependent_Column": "id",
        "Dependent_Parent_Tag": "data",
        "Timed_Out_Seconds": "20",
        "Re_Hit_Cap":"5",
        "Sleep_Seconds" : "10"
    },
    {
        "Source_Content": "RecordingIntegration_DataPorts_PCMTrunkMember",        
        "APIPath_Part1": "/wfo/api/em/recorder/v2/datasources",
        "APIPath_Part2": "/dataports",
        "APIPath_Parameter": "?dataPortType=PCMTrunkMember",
        "Target_File": "D:\\red\\data\\inbound\\verint\\daily\\Recording_Integration\\DataPorts_PCMTrunkMember.json",
        "Dependent_File": "D:\\red\\data\\inbound\\verint\\daily\\Recording_Integration\\DataSources.json",
        "Dependent_Column": "id",
        "Dependent_Parent_Tag": "data",
        "Timed_Out_Seconds": "20",
        "Re_Hit_Cap":"5",
        "Sleep_Seconds" : "10"
    },
    {
        "Source_Content": "RecordingIntegration_DataPorts_Radio",        
        "APIPath_Part1": "/wfo/api/em/recorder/v2/datasources",
        "APIPath_Part2": "/dataports",
        "APIPath_Parameter": "?dataPortType=Radio",
        "Target_File": "D:\\red\\data\\inbound\\verint\\daily\\Recording_Integration\\DataPorts_Radio.json",
        "Dependent_File": "D:\\red\\data\\inbound\\verint\\daily\\Recording_Integration\\DataSources.json",
        "Dependent_Column": "id",
        "Dependent_Parent_Tag": "data",
        "Timed_Out_Seconds": "20",
        "Re_Hit_Cap":"5",
        "Sleep_Seconds" : "10"
    },
	{
        "Source_Content": "RecordingIntegration_DataPorts_TalkGroup",        
        "APIPath_Part1": "/wfo/api/em/recorder/v2/datasources",
        "APIPath_Part2": "/dataports",
        "APIPath_Parameter": "?dataPortType=Talk%20Group",
        "Target_File": "D:\\red\\data\\inbound\\verint\\daily\\Recording_Integration\\DataPorts_TalkGroup.json",
        "Dependent_File": "D:\\red\\data\\inbound\\verint\\daily\\Recording_Integration\\DataSources.json",
        "Dependent_Column": "id",
        "Dependent_Parent_Tag": "data",
        "Timed_Out_Seconds": "20",
        "Re_Hit_Cap":"5",
        "Sleep_Seconds" : "10"
    },
    {
        "Source_Content": "RecordingIntegration_DataPorts_TrunkGroupMember",        
        "APIPath_Part1": "/wfo/api/em/recorder/v2/datasources",
        "APIPath_Part2": "/dataports",
        "APIPath_Parameter": "?dataPortType=TrunkGroupMember",
        "Target_File": "D:\\red\\data\\inbound\\verint\\daily\\Recording_Integration\\DataPorts_TrunkGroupMember.json",
        "Dependent_File": "D:\\red\\data\\inbound\\verint\\daily\\Recording_Integration\\DataSources.json",
        "Dependent_Column": "id",
        "Dependent_Parent_Tag": "data",
        "Timed_Out_Seconds": "20",
        "Re_Hit_Cap":"5",
        "Sleep_Seconds" : "10"
    },
    {
        "Source_Content": "RecordingIntegration_DataPorts_TrunkSpanMember",        
        "APIPath_Part1": "/wfo/api/em/recorder/v2/datasources",
        "APIPath_Part2": "/dataports",
        "APIPath_Parameter": "?dataPortType=TrunkSpanMember",
        "Target_File": "D:\\red\\data\\inbound\\verint\\daily\\Recording_Integration\\DataPorts_TrunkSpanMember.json",
        "Dependent_File": "D:\\red\\data\\inbound\\verint\\daily\\Recording_Integration\\DataSources.json",
        "Dependent_Column": "id",
        "Dependent_Parent_Tag": "data",
        "Timed_Out_Seconds": "20",
        "Re_Hit_Cap":"5",
        "Sleep_Seconds" : "10"
    },
    {
        "Source_Content": "RecordingIntegration_DataPorts_User_ID",        
        "APIPath_Part1": "/wfo/api/em/recorder/v2/datasources",
        "APIPath_Part2": "/dataports",
        "APIPath_Parameter": "?dataPortType=User%20ID",
        "Target_File": "D:\\red\\data\\inbound\\verint\\daily\\Recording_Integration\\DataPorts_UserID.json",
        "Dependent_File": "D:\\red\\data\\inbound\\verint\\daily\\Recording_Integration\\DataSources.json",
        "Dependent_Column": "id",
        "Dependent_Parent_Tag": "data",
        "Timed_Out_Seconds": "20",
        "Re_Hit_Cap":"5",
        "Sleep_Seconds" : "10"
    },
	{
        "Source_Content": "RecordingIntegration_DataPorts_Workstation",        
        "APIPath_Part1": "/wfo/api/em/recorder/v2/datasources",
        "APIPath_Part2": "/dataports",
        "APIPath_Parameter": "?dataPortType=Workstation",
        "Target_File": "D:\\red\\data\\inbound\\verint\\daily\\Recording_Integration\\DataPorts_Workstation.json",
        "Dependent_File": "D:\\red\\data\\inbound\\verint\\daily\\Recording_Integration\\DataSources.json",
        "Dependent_Column": "id",
        "Dependent_Parent_Tag": "data",
        "Timed_Out_Seconds": "20",
        "Re_Hit_Cap":"5",
        "Sleep_Seconds" : "10"
    },
    {
        "Source_Content": "RecordingIntegration_EmployeeWorkspace_DataSource",        
        "APIPath_Part1": "/wfo/api/em/recorder/v2/datasources",
        "APIPath_Part2": "/workspace",
        "Target_File": "D:\\red\\data\\inbound\\verint\\daily\\Recording_Integration\\EmployeeWorkspace_DataSource.json",
        "Dependent_File": "D:\\red\\data\\inbound\\verint\\daily\\Recording_Integration\\DataSources.json",
        "Dependent_Column": "id",
        "Dependent_Parent_Tag": "data",
        "Timed_Out_Seconds": "20",
        "Re_Hit_Cap":"5",
        "Sleep_Seconds" : "10"
    },
    {
        "Source_Content": "RecordingIntegration_EmployeeWorkspace_EmployeeId",        
        "APIPath_Part1": "/wfo/user-mgmt-api/v1/employees",
        "APIPath_Part2": "/workspace",
        "Target_File": "D:\\red\\data\\inbound\\verint\\daily\\Recording_Integration\\EmployeeWorkspace_EmployeeId.json",
        "Dependent_File": "D:\\red\\data\\inbound\\verint\\daily\\User_Management\\Employee.json",
        "Dependent_Column": "id",
        "Dependent_Parent_Tag": "data",
        "Timed_Out_Seconds": "20",
        "Re_Hit_Cap":"5",
        "Sleep_Seconds" : "10"
    },
    {
        "Source_Content": "RecordingIntegration_AllDataSources",        
        "APIPath_Part1": "/wfo/rest/em-api/v1/datasources",
        "APIPath_Parameter": "?start=1&max=1000000000",
        "Target_File": "D:\\red\\data\\inbound\\verint\\daily\\Recording_Integration\\AllDataSources.xml",
        "Timed_Out_Seconds": "20",
        "Re_Hit_Cap":"5",
        "Sleep_Seconds" : "10"
    },
    {
        "Source_Content": "RecordingIntegration_DataSourceDevices_AllDataSources",        
        "APIPath_Part1": "/wfo/rest/em-api/v1/datasources",
        "APIPath_Part2": "/devices",
        "APIPath_Parameter": "?start=1&max=1000000000",
        "Target_File": "D:\\red\\data\\inbound\\verint\\daily\\Recording_Integration\\DataSourceDevices_AllDataSources.xml",                
        "Dependent_File": "D:\\red\\data\\inbound\\verint\\daily\\Recording_Integration\\AllDataSources.xml",
        "Dependent_Column": "id",
        "Dependent_Parent_Tag": "DataSource",
        "Timed_Out_Seconds": "20",
        "Re_Hit_Cap":"5",
        "Sleep_Seconds" : "10"
    }
]