[
 {
   "Source": "logs",
   "AttributeToCall": "#option('maxCsvRowSizeMb',30);scout.logs.build_logs",
   "Frequency": "daily",
   "ProcessType": "inboundloads"
 },
 {
  "Source": "logs_roxie",
  "AttributeToCall": "scout.CallScoutKeysBuildRollup.dailyKeyBuild()",
  "Frequency": "daily",
  "ProcessType": "fromHPCC",
  "WhenParam": "logs Daily Build for $today is completed"
},
{
  "Source": "queryid_map",
  "AttributeToCall": "scout.logs.misc.build_scout_queryid_map_file",
  "Frequency": "daily",
  "ProcessType": "fromHPCC",
  "WhenParam": "logs_roxie Daily Build for $today is completed"
},
{
  "Source": "search_export",
  "AttributeToCall": "scout.exports.run_search_export",
  "Frequency": "daily",
  "ProcessType": "fromHPCC"
},
{
  "Source": "Scout_Instant_ID_monitoring",
  "AttributeToCall": "scout.daily_monitoring.BWR__Instant_ID__Daily_Monitor_v2",
  "Frequency": "daily",
  "ProcessType": "fromHPCC",
  "ErrorEmailTo": "Todd.Steil@lexisnexisrisk.com,David.Schlangen@lexisnexisrisk.com,Kevin.Huls@lexisnexisrisk.com,Rick.Schultz@lexisnexisrisk.com,Michele.Walklin@lexisnexisrisk.com"
},
{
  "Source": "Scout_RiskView_2_monitoring",
  "AttributeToCall": "scout.daily_monitoring.BWR__RiskView_2__Daily_Score_Monitor",
  "Frequency": "daily",
  "ProcessType": "fromHPCC",
  "ErrorEmailTo": "Todd.Steil@lexisnexisrisk.com,David.Schlangen@lexisnexisrisk.com,Kevin.Huls@lexisnexisrisk.com,Rick.Schultz@lexisnexisrisk.com,Michele.Walklin@lexisnexisrisk.com"
},
{
  "Source": "Scout_Fraud_Advisor_monitoring",
  "AttributeToCall": "scout.daily_monitoring.BWR__Fraud_Advisor__Daily_Score_Monitor_v2",
  "Frequency": "daily",
  "ProcessType": "fromHPCC",
  "ErrorEmailTo": "Todd.Steil@lexisnexisrisk.com,David.Schlangen@lexisnexisrisk.com,Kevin.Huls@lexisnexisrisk.com,Rick.Schultz@lexisnexisrisk.com,Michele.Walklin@lexisnexisrisk.com"
}
]