[
  {
    "Source": "oracle_financials",
    "AttributeToCall": "sequential(rbi.source.oracle_financials.build_oracle_financials, rbi.dm.rbi_despray.main)",
    "Frequency": "daily",
    "ProcessType": "inboundloads",
	"wu_priority" : "'high'",
    "adhoc_despray": "actuals"
  },
  {
    "Source": "salesforce_uk",
    "AttributeToCall": "rbi.source.salesforce_uk.build_salesforce_uk",
    "Frequency": "daily",
	"wu_priority" : "'high'",
    "ProcessType": "inboundloads"
  },
  {
    "Source": "rba",
    "AttributeToCall": "rbi.source.rba.build_rba",
    "Frequency": "daily",
	"wu_priority" : "'high'",
    "ProcessType": "inboundloads"
  }, 
  {
    "Source": "hyperionextracts",
    "AttributeToCall": "rbi.extract.hyperion.rbi_actual_revenue_extract",
    "Frequency": "daily",
    "ProcessType": "extracts"
   },
   {
    "Source": "forecast",
    "AttributeToCall": "rbi.source.forecast.load_adjustment_forecast_export",
    "Frequency": "daily",
    "ProcessType": "inboundloads",
    "wu_priority" : "'high'"
   },
   {
    "Source": "hyperionextracts_forecast_prelim_budget_rf3",
    "AttributeToCall": "rbi.extract.hyperion.rbi_forecast_revenue_extract([27,12])",
    "Frequency": "daily",
    "ProcessType": "extracts",
    "wu_priority" : "'high'"
   },
   {
    "Source": "hyperionextracts_forecast_budget",
    "AttributeToCall": "rbi.extract.hyperion.rbi_forecast_revenue_extract([8])",
    "Frequency": "daily",
    "ProcessType": "extracts",
    "wu_priority" : "'high'"
   },	
   {
    "Source": "hyperionextracts_forecast_rf1",
    "AttributeToCall": "rbi.extract.hyperion.rbi_forecast_revenue_extract([10])",
    "Frequency": "daily",
    "ProcessType": "extracts",
    "wu_priority" : "'high'"
   },
   {
    "Source": "hyperionextracts_forecast_rf2",
    "AttributeToCall": "rbi.extract.hyperion.rbi_forecast_revenue_extract([11])",
    "Frequency": "daily",
    "ProcessType": "extracts",
    "wu_priority" : "'high'"
   },
   {
    "Source": "accuityba",
    "AttributeToCall": "rbi.source.accuityba.build_accuityba",
    "Frequency": "daily",
    "ProcessType": "inboundloads",
    "ErrorEmailTo": "saravana.pandi@lexisnexisrisk.com,sathishkumar.seenivasan@lexisnexisrisk.com",
    "NotifyOnFailure": "true"
 },
 {
  "Source": "accuityba_load",
  "Frequency": "daily",
  "ProcessType": "fromHPCC",
  "ErrorEmailTo": "saravana.pandi@lexisnexisrisk.com,sathishkumar.seenivasan@lexisnexisrisk.com"
 },
 {
   "Source": "accuityiban",
   "AttributeToCall": "#option('preserveWhenSequential', true); rbi.source.accuityiban.build_accuityiban",
   "Frequency": "daily",
   "ProcessType": "inboundloads",
   "ErrorEmailTo": "saravana.pandi@lexisnexisrisk.com,sathishkumar.seenivasan@lexisnexisrisk.com",
   "NotifyOnFailure": "true"
 },
 {
  "Source": "accuityiban_load",
  "Frequency": "daily",
  "ProcessType": "fromHPCC",
  "ErrorEmailTo": "saravana.pandi@lexisnexisrisk.com,sathishkumar.seenivasan@lexisnexisrisk.com"
 },
 {
   "Source": "accuitytgbr",
   "AttributeToCall": "#option('preserveWhenSequential', true); rbi.source.accuitytgbr.build_accuitytgbr",
   "Frequency": "daily",
   "ProcessType": "fromHPCC",
   "ErrorEmailTo": "saravana.pandi@lexisnexisrisk.com,sathishkumar.seenivasan@lexisnexisrisk.com",
   "NotifyOnFailure": "true"
 },
 {
  "Source": "accuitytgbr_load",
  "Frequency": "daily",
  "ProcessType": "fromHPCC",
  "ErrorEmailTo": "saravana.pandi@lexisnexisrisk.com,sathishkumar.seenivasan@lexisnexisrisk.com"
 },
 {
   "Source": "flightglobal",
   "AttributeToCall": "#option('preserveWhenSequential', true); rbi.source.flightglobal.build_flightglobal",
   "Frequency": "daily",
   "ProcessType": "inboundloads",
   "ErrorEmailTo": "saravana.pandi@lexisnexisrisk.com,sathishkumar.seenivasan@lexisnexisrisk.com",
   "NotifyOnFailure": "true"
 },
 {
  "Source": "flightglobal_load",
  "Frequency": "daily",
  "ProcessType": "fromHPCC",
  "ErrorEmailTo": "saravana.pandi@lexisnexisrisk.com,sathishkumar.seenivasan@lexisnexisrisk.com"
 },
 {
   "Source": "proagrica",
   "AttributeToCall": "rbi.source.proagrica.build_proagrica",
   "Frequency": "daily",
   "ProcessType": "inboundloads",   
   "ErrorEmailTo": "saravana.pandi@lexisnexisrisk.com,sathishkumar.seenivasan@lexisnexisrisk.com"
 },
 {
   "Source": "katana",
   "AttributeToCall": "#option('preserveWhenSequential', true); rbi.source.katana.build_katana",
   "Frequency": "daily",
   "ProcessType": "inboundloads",
   "ErrorEmailTo": "saravana.pandi@lexisnexisrisk.com,sathishkumar.seenivasan@lexisnexisrisk.com"
 },
 {
  "Source": "icis",
  "AttributeToCall": "#option('preserveWhenSequential', true); rbi.source.icis.build_icis",
  "Frequency": "daily",
  "ProcessType": "inboundloads",
  "ErrorEmailTo": "saravana.pandi@lexisnexisrisk.com,sathishkumar.seenivasan@lexisnexisrisk.com"
},
 {
   "Source": "egi",
   "AttributeToCall": "#option('preserveWhenSequential', true); rbi.source.egi.build_egi",
   "Frequency": "daily",
   "ProcessType": "inboundloads",
   "ErrorEmailTo": "saravana.pandi@lexisnexisrisk.com,sathishkumar.seenivasan@lexisnexisrisk.com",
   "NotifyOnFailure": "true"
 },
 {
  "Source": "egi_load",
  "Frequency": "daily",
  "ProcessType": "fromHPCC",
  "ErrorEmailTo": "saravana.pandi@lexisnexisrisk.com,sathishkumar.seenivasan@lexisnexisrisk.com"
 },
 {
   "Source": "icisapp",
   "AttributeToCall": "#option('preserveWhenSequential', true); rbi.source.icisapp.build_icisapp",
   "Frequency": "daily",
   "ProcessType": "inboundloads",
   "ErrorEmailTo": "saravana.pandi@lexisnexisrisk.com,sathishkumar.seenivasan@lexisnexisrisk.com",
   "WhenParam": "icis Daily Build for $today is completed"
 },
 {
   "Source": "icisdashboard",
   "AttributeToCall": "#option('preserveWhenSequential', true); rbi.source.icisdashboard.build_icisdashboard",
   "Frequency": "daily",
   "ProcessType": "inboundloads",
   "ErrorEmailTo": "saravana.pandi@lexisnexisrisk.com,sathishkumar.seenivasan@lexisnexisrisk.com",
   "WhenParam": "icis Daily Build for $today is completed"
 },
 {
   "Source": "icisnews",
   "AttributeToCall": "#option('preserveWhenSequential', true); rbi.source.icisnews.build_icisnews",
   "Frequency": "daily",
   "ProcessType": "fromHPCC",
   "ErrorEmailTo": "saravana.pandi@lexisnexisrisk.com,sathishkumar.seenivasan@lexisnexisrisk.com",
   "WhenParam": "icisdashboard Daily Build for $today is completed"
 },
 {
   "Source": "icissd",
   "AttributeToCall": "#option('preserveWhenSequential', true); rbi.source.icissd.build_icissd",
   "Frequency": "daily",
   "ProcessType": "fromHPCC",
   "ErrorEmailTo": "saravana.pandi@lexisnexisrisk.com,sathishkumar.seenivasan@lexisnexisrisk.com",
   "WhenParam": "icisdashboard Daily Build for $today is completed"
 },
 {
   "Source": "icissubscriber",
   "AttributeToCall": "#option('preserveWhenSequential', true); rbi.source.icissubscriber.build_icissubscriber",
   "Frequency": "daily",
   "ProcessType": "fromHPCC",
   "ErrorEmailTo": "saravana.pandi@lexisnexisrisk.com,sathishkumar.seenivasan@lexisnexisrisk.com",
   "WhenParam": "icisdashboard Daily Build for $today is completed"
 },
 {
   "Source": "xperthruk",
   "AttributeToCall": "#option('preserveWhenSequential', true); rbi.source.xperthruk.build_xperthruk",
   "Frequency": "daily",
   "ProcessType": "inboundloads",
   "ErrorEmailTo": "saravana.pandi@lexisnexisrisk.com,sathishkumar.seenivasan@lexisnexisrisk.com",
   "WhenParam": "katana Daily Build for $today is completed",
   "NotifyOnFailure": "true"
 },
 {
  "Source": "xperthruk_load",
  "Frequency": "daily",
  "ProcessType": "fromHPCC",
  "ErrorEmailTo": "saravana.pandi@lexisnexisrisk.com,sathishkumar.seenivasan@lexisnexisrisk.com"
 },
 {
   "Source": "xperthrus",
   "AttributeToCall": "#option('preserveWhenSequential', true); rbi.source.xperthrus.build_xperthrus",
   "Frequency": "daily",
   "ProcessType": "inboundloads",
   "ErrorEmailTo": "saravana.pandi@lexisnexisrisk.com,sathishkumar.seenivasan@lexisnexisrisk.com",
   "WhenParam": "katana Daily Build for $today is completed",
   "NotifyOnFailure": "true"
 },
 {
  "Source": "xperthrus_load",
  "Frequency": "daily",
  "ProcessType": "fromHPCC",
  "ErrorEmailTo": "saravana.pandi@lexisnexisrisk.com,sathishkumar.seenivasan@lexisnexisrisk.com"
 },
  {
    "Source": "bulldog_extract_build",
    "AttributeToCall": "#option('preserveWhenSequential', true); rbi.extract.bulldog.extract_build",
    "Frequency": "daily",
    "ProcessType": "fromHPCC",
    "ErrorEmailTo": "saravana.pandi@lexisnexisrisk.com,sathishkumar.seenivasan@lexisnexisrisk.com"
  },
  {
    "Source": "despray_rbi_extracts",
    "AttributeToCall": "rbi.dm.generate_extracts.main",
    "Frequency": "daily",
	"wu_priority" : "'high'",
    "ProcessType": "fromHPCC",
    "WhenParam" : "oracle_financials Daily Build for $tomorrow is completed"
  },
  {
    "Source": "hyperion_build_rsg_bsv",
    "AttributeToCall": "rbi.extract.build_files.load_essbase_fido_rsg_bsv_rbi",
    "Frequency": "daily",
	  "wu_priority" : "'high'",
    "ProcessType": "fromHPCC",
    "WhenParam" : "oracle_financials Daily Build for $today is completed"
  },
  {
    "Source": "despray_rbi_oracle_financials_actuals_extracts",
    "AttributeToCall": "rbi.dm.generate_extracts.month_end_daily",
    "Frequency": "daily",
	"wu_priority" : "'high'",
    "ProcessType": "fromHPCC",
    "adhoc_despray" : "rbi",
    "WhenParam" : "oracle_financials Daily Build for $today is completed"
  },
  {
    "Source": "dashboards",
    "AttributeToCall": "rbi.dm.proc_despray_dashboard_metrics.generateAll",
    "Frequency": "daily",
	"wu_priority" : "'high'",
    "ProcessType": "fromHPCC",
	"adhoc_despray": "dashboards",
    "WhenParam" : "oracle_financials Daily Build for $tomorrow is completed"
  },
  {
    "Source": "revenue_files_to_azure",
    "AttributeToCall": "rbi.source.oracle_financials.extract_build_azure",
    "Frequency": "daily",
	"wu_priority" : "'high'",
    "ProcessType": "fromHPCC",
    "WhenParam" : "dashboards Daily Build for $today is completed"
  },
  {
    "Source": "weekly_release_adhoc_despray",
    "AttributeToCall": "output('weekly_release_adhoc_despray')",
    "Frequency": "weekly",
    "adhoc_despray" :"thursday_hold",
    "ProcessType": "fromHPCC",
    "wu_priority" : "'high'",
    "clustername": "HPCCProd"
  },
  {
    "Source": "weekly_release_adhoc_despray_headers_only",
    "AttributeToCall": "output('weekly_release_adhoc_despray_headers_only')",
    "Frequency": "weekly",
    "adhoc_despray" :"thursday_hold",
    "ProcessType": "fromHPCC",
    "wu_priority" : "'high'",
    "clustername": "HPCCProd"
  },
  {
    "Source": "rbi_opportunity_snapshot",
    "AttributeToCall": "rbi.source.salesforce_uk.build_rbi_opportunity_snapshot",
    "Frequency": "weekly",
	"wu_priority" : "'high'",
    "ProcessType": "fromHPCC",
    "adhoc_despray": "rbi_opportunity_snapshot"
  },
  {
    "Source": "salesforce_golf",
    "AttributeToCall": "rbi.source.salesforce_golf.build_salesforce_golf",
    "Frequency": "daily",
	"wu_priority" : "'high'",
    "ProcessType": "inboundloads"
  },
  {
    "Source": "salesforce_katana",
    "AttributeToCall": "rbi.source.salesforce_katana.build_salesforce_katana",
    "Frequency": "daily",
	"wu_priority" : "'high'",
    "ProcessType": "inboundloads"
  },
  {
    "Source": "salesforce_unity",
    "AttributeToCall": "rbi.source.salesforce_unity.build_salesforce_unity",
    "Frequency": "daily",
	"wu_priority" : "'high'",
    "ProcessType": "inboundloads"
  },
  {
    "Source": "from_prod_to_dr_copy_rbi",
    "AttributeToCall": "rbi.common.drcopy.copy_files_prod_to_dr_rbi",
    "Frequency": "daily",
    "ProcessType": "fromHPCC",
    "clustername": "HPCCDR"
  },
  {
    "Source": "from_dr_to_prod_copy_rbi",
    "AttributeToCall": "rbi.common.drcopy.copy_files_dr_to_prod_rbi",
    "Frequency": "daily",
    "ProcessType": "fromHPCC",
    "clustername": "HPCCProd"
  },
  {
    "Source": "bulldog_extract",
    "AttributeToCall": "#option('preserveWhenSequential', true); rbi.dm.proc_bd_despray.main",
    "Frequency": "daily",
    "ProcessType": "fromHPCC",
    "adhoc_despray": "bulldog",
    "ErrorEmailTo": "saravana.pandi@lexisnexisrisk.com,sathishkumar.seenivasan@lexisnexisrisk.com"
  },
  {
    "Source": "aventri_icis",
    "AttributeToCall": "rbi.source.aventri_icis.build_aventri_icis",
    "Frequency": "daily",
    "wu_priority" : "'high'",
    "ProcessType": "inboundloads"
  },
  {
    "Source": "aventri_property",
    "AttributeToCall": "rbi.source.aventri_property.build_aventri_property",
    "Frequency": "daily",
    "wu_priority" : "'high'",
    "ProcessType": "inboundloads"
  },
  {
    "Source": "manual_load_rbi_main_build",
    "AttributeToCall": "rbi.source.manual.build_load.build_rbi_main_manual_load",
    "Frequency": "daily",
    "ProcessType": "fromHPCC",
    "clustername": "HPCCDev",
    "wu_priority" : "'high'"
  },
  {
    "Source": "manual_load_rbi_prod_main_build",
    "AttributeToCall": "rbi.source.manual.build_load.build_rbi_main_manual_load",
    "Frequency": "daily",
    "ProcessType": "fromHPCC",
    "clustername": "HPCCProd",
    "wu_priority" : "'high'"
  },
  {
    "Source": "despray_auto_generate",
    "AttributeToCall": "output('despray_auto_generate')",
    "Frequency": "daily",
    "adhoc_despray" :"auto_generate",
    "ProcessType": "fromHPCC",
    "wu_priority" : "'high'",
    "clustername": "HPCCProd"
  }
]