[
    {
        "accuityba": [
            {
                "fidoname": "transaction",
                "dbmapid": "Unity_BDAP",
                "script_name": "RepoHPCC/DataSource/SalesforceUnity/accuityba/MSSQL/Transaction.sql"
            },
            {
                "fidoname": "account",
                "dbmapid": "Unity_BDAP",
                "script_name": "RepoHPCC/DataSource/SalesforceUnity/accuityba/MSSQL/Account.sql"
            },
            {
                "fidoname": "datedconversionrate",
                "dbmapid": "Unity_BDAP",
                "script_name": "RepoHPCC/DataSource/SalesforceUnity/accuityba/MSSQL/DatedConversionRate.sql"
            },
            {
                "fidoname": "trial",
                "dbmapid": "Unity_BDAP",
                "script_name": "RepoHPCC/DataSource/SalesforceUnity/accuityba/MSSQL/Trial.sql"
            },
            {
                "fidoname": "subscription",
                "dbmapid": "BankersForTableau",
                "script_name": "RepoHPCC/DataSource/AccuityAE/accuityba/MSSQL/Subscription.sql"
            },
            {
                "fidoname": "useraccount",
                "dbmapid": "BankersForTableau",
                "script_name": "RepoHPCC/DataSource/AccuityAE/accuityba/MSSQL/UserAccount.sql"
            },
            {
                "fidoname": "transaction_lookup",
                "dbmapid": "Unity_BDAP",
                "script_name": "RepoHPCC/DataSource/SalesforceUnity/accuityba/MSSQL/transaction_lookup.sql"
            }
        ]
    },
    {
        "accuityiban": [
            {
                "fidoname": "account",
                "script_name": "RepoHPCC/DataSource/SalesforceUnity/accuityiban/MSSQL/Account.sql",
                "dbmapid": "Unity_BDAP"
            },
            {
                "fidoname": "datedconversionrate",
                "script_name": "RepoHPCC/DataSource/SalesforceUnity/accuityiban/MSSQL/DatedConversionRate.sql",
                "dbmapid": "Unity_BDAP"
            },
            {
                "fidoname": "transaction",
                "script_name": "RepoHPCC/DataSource/SalesforceUnity/accuityiban/MSSQL/Transaction.sql",
                "dbmapid": "Unity_BDAP"
            },
            {
                "fidoname": "trial",
                "script_name": "RepoHPCC/DataSource/SalesforceUnity/accuityiban/MSSQL/Trial.sql",
                "dbmapid": "Unity_BDAP"
            },
            {
                "fidoname": "transaction_lookup",
                "script_name": "RepoHPCC/DataSource/SalesforceUnity/accuityiban/MSSQL/transaction_lookup.sql",
                "dbmapid": "Unity_BDAP"
            }
        ]
    },
    {
        "accuitytgbr": [
            {
                "fidoname": "account",
                "script_name": "RepoHPCC/DataSource/SalesforceUnity/accuitytgbr/MSSQL/Account.sql",
                "dbmapid": "Unity_BDAP"
            },
            {
                "fidoname": "datedconversionrate",
                "script_name": "RepoHPCC/DataSource/SalesforceUnity/accuitytgbr/MSSQL/DatedConversionRate.sql",
                "dbmapid": "Unity_BDAP"
            },
            {
                "fidoname": "transaction",
                "script_name": "RepoHPCC/DataSource/SalesforceUnity/accuitytgbr/MSSQL/Transaction.sql",
                "dbmapid": "Unity_BDAP"
            },
            {
                "fidoname": "trial",
                "script_name": "RepoHPCC/DataSource/SalesforceUnity/accuitytgbr/MSSQL/Trial.sql",
                "dbmapid": "Unity_BDAP"
            },
            {
                "fidoname": "transaction_lookup",
                "script_name": "RepoHPCC/DataSource/SalesforceUnity/accuitytgbr/MSSQL/transaction_lookup.sql",
                "dbmapid": "Unity_BDAP"
            }
        ]
    },
    {
        "egi": [
            {
                "fidoname": "account",
                "script_name": "RepoHPCC/DataSource/SalesforceUnity/Egi/MSSQL/Account.sql",
                "dbmapid": "Unity_BDAP"
            },
            {
                "fidoname": "datedconversionrate",
                "script_name": "RepoHPCC/DataSource/SalesforceUnity/Egi/MSSQL/DatedConversionRate.sql",
                "dbmapid": "Unity_BDAP"
            },
            {
                "fidoname": "transaction",
                "script_name": "RepoHPCC/DataSource/SalesforceUnity/Egi/MSSQL/Transaction.sql",
                "dbmapid": "Unity_BDAP"
            },
            {
                "fidoname": "trial",
                "script_name": "RepoHPCC/DataSource/SalesforceUnity/Egi/MSSQL/Trial.sql",
                "dbmapid": "Unity_BDAP"
            },
            {
                "fidoname": "subscription",
                "script_name": "RepoHPCC/DataSource/Viper/Egi/MSSQL/Subscription.sql",
                "dbmapid": "ViperReporting"
            },
            {
                "fidoname": "useraccount",
                "script_name": "RepoHPCC/DataSource/Viper/Egi/MSSQL/UserAccount.sql",
                "dbmapid": "ViperReporting"
            }
        ]
    },
    {
        "flightglobal": [
            {
                "fidoname": "account",
                "script_name": "RepoHPCC/DataSource/SalesforceUnity/FlightGlobal/MSSQL/Account.sql",
                "dbmapid": "Unity_BDAP"
            },
            {
                "fidoname": "datedconversionrate",
                "script_name": "RepoHPCC/DataSource/SalesforceUnity/FlightGlobal/MSSQL/DatedConversionRate.sql",
                "dbmapid": "Unity_BDAP"
            },
            {
                "fidoname": "transaction",
                "script_name": "RepoHPCC/DataSource/SalesforceUnity/FlightGlobal/MSSQL/Transaction.sql",
                "dbmapid": "Unity_BDAP"
            },
            {
                "fidoname": "trial",
                "script_name": "RepoHPCC/DataSource/SalesforceUnity/FlightGlobal/MSSQL/Trial.sql",
                "dbmapid": "Unity_BDAP"
            },
            {
                "fidoname": "subscription",
                "script_name": "RepoHPCC/DataSource/Viper/flightglobal/MSSQL/Subscription.sql",
                "dbmapid": "ViperReporting"
            },
            {
                "fidoname": "useraccount",
                "script_name": "RepoHPCC/DataSource/Viper/flightglobal/MSSQL/UserAccount.sql",
                "dbmapid": "ViperReporting"
            }
        ]
    },
    {
        "katana": [
            {
                "fidoname": "account",
                "script_name": "RepoHPCC/DataSource/SalesforceKatana/Katana/MSSQL/Account.sql",
                "dbmapid": "Katana_BDAP"
            },
            {
                "fidoname": "datedconversionrate",
                "script_name": "RepoHPCC/DataSource/SalesforceKatana/Katana/MSSQL/DatedConversionRate.sql",
                "dbmapid": "Katana_BDAP"
            },
            {
                "fidoname": "transaction",
                "script_name": "RepoHPCC/DataSource/SalesforceKatana/Katana/MSSQL/Transaction.sql",
                "dbmapid": "Katana_BDAP"
            },
            {
                "fidoname": "trial",
                "script_name": "RepoHPCC/DataSource/SalesforceKatana/Katana/MSSQL/Trial.sql",
                "dbmapid": "Katana_BDAP"
            },
            {
                "fidoname": "subscription",
                "script_name": "RepoHPCC/DataSource/Viper/Katana/MSSQL/Subscription.sql",
                "dbmapid": "ViperReporting"
            },
            {
                "fidoname": "useraccount",
                "script_name": "RepoHPCC/DataSource/Viper/Katana/MSSQL/UserAccount.sql",
                "dbmapid": "ViperReporting"
            }
        ]
    },
    {
        "icis": [
            {
                "fidoname": "account",
                "script_name": "RepoHPCC/DataSource/SalesforceUnity/ICIS/MSSQL/Account.sql",
                "dbmapid": "Unity_BDAP"
            },
            {
                "fidoname": "datedconversionrate",
                "script_name": "RepoHPCC/DataSource/SalesforceUnity/ICIS/MSSQL/DatedConversionRate.sql",
                "dbmapid": "Unity_BDAP"
            },
            {
                "fidoname": "transaction",
                "script_name": "RepoHPCC/DataSource/SalesforceUnity/ICIS/MSSQL/Transaction.sql",
                "dbmapid": "Unity_BDAP"
            },
            {
                "fidoname": "trial",
                "script_name": "RepoHPCC/DataSource/SalesforceUnity/ICIS/MSSQL/Trial.sql",
                "dbmapid": "Unity_BDAP"
            },
            {
                "fidoname": "subscription",
                "script_name": "RepoHPCC/DataSource/Viper/ICIS/MSSQL/Subscription.sql",
                "dbmapid": "ViperReporting"
            },
            {
                "fidoname": "useraccount",
                "script_name": "RepoHPCC/DataSource/Viper/ICIS/MSSQL/UserAccount.sql",
                "dbmapid": "ViperReporting"
            }
        ]
    },
    {
        "icisapp": [
            {
                "fidoname": "account",
                "script_name": "RepoHPCC/DataSource/SalesforceUnity/fightglobal/MSSQL/Account.sql",
                "dbmapid": "Katana_BDAP"
            },
            {
                "fidoname": "subscription",
                "script_name": "RepoHPCC/DataSource/Viper/Katana/MSSQL/Subscription.sql",
                "dbmapid": "ViperReporting"
            },
            {
                "fidoname": "useraccount",
                "script_name": "RepoHPCC/DataSource/Viper/Katana/MSSQL/UserAccount.sql",
                "dbmapid": "ViperReporting"
            }
        ]
    },
    {
        "icisdashboard": [
            {
                "fidoname": "account",
                "script_name": "RepoHPCC/DataSource/SalesforceKatana/Katana/MSSQL/Account.sql",
                "dbmapid": "Katana_BDAP"
            },
            {
                "fidoname": "datedconversionrate",
                "script_name": "RepoHPCC/DataSource/SalesforceKatana/Katana/MSSQL/DatedConversionRate.sql",
                "dbmapid": "Katana_BDAP"
            },
            {
                "fidoname": "transaction",
                "script_name": "RepoHPCC/DataSource/SalesforceKatana/Katana/MSSQL/Transaction.sql",
                "dbmapid": "Katana_BDAP"
            },
            {
                "fidoname": "trial",
                "script_name": "RepoHPCC/DataSource/SalesforceKatana/Katana/MSSQL/Trial.sql",
                "dbmapid": "Katana_BDAP"
            },
            {
                "fidoname": "subscription",
                "script_name": "RepoHPCC/DataSource/Viper/Katana/MSSQL/Subscription.sql",
                "dbmapid": "ViperReporting"
            },
            {
                "fidoname": "useraccount",
                "script_name": "RepoHPCC/DataSource/Viper/Katana/MSSQL/UserAccount.sql",
                "dbmapid": "ViperReporting"
            }
        ]
    },
    {
        "icisnews": [
            {
                "fidoname": "account",
                "script_name": "RepoHPCC/DataSource/SalesforceKatana/Katana/MSSQL/Account.sql",
                "dbmapid": "Katana_BDAP"
            },
            {
                "fidoname": "datedconversionrate",
                "script_name": "RepoHPCC/DataSource/SalesforceKatana/Katana/MSSQL/DatedConversionRate.sql",
                "dbmapid": "Katana_BDAP"
            },
            {
                "fidoname": "transaction",
                "script_name": "RepoHPCC/DataSource/SalesforceKatana/Katana/MSSQL/Transaction.sql",
                "dbmapid": "Katana_BDAP"
            },
            {
                "fidoname": "trial",
                "script_name": "RepoHPCC/DataSource/SalesforceKatana/Katana/MSSQL/Trial.sql",
                "dbmapid": "Katana_BDAP"
            },
            {
                "fidoname": "subscription",
                "script_name": "RepoHPCC/DataSource/Viper/Katana/MSSQL/Subscription.sql",
                "dbmapid": "ViperReporting"
            },
            {
                "fidoname": "useraccount",
                "script_name": "RepoHPCC/DataSource/Viper/Katana/MSSQL/UserAccount.sql",
                "dbmapid": "ViperReporting"
            }
        ]
    },
    {
        "icissd": [
            {
                "fidoname": "account",
                "script_name": "RepoHPCC/DataSource/SalesforceKatana/Katana/MSSQL/Account.sql",
                "dbmapid": "Katana_BDAP"
            },
            {
                "fidoname": "datedconversionrate",
                "script_name": "RepoHPCC/DataSource/SalesforceKatana/Katana/MSSQL/DatedConversionRate.sql",
                "dbmapid": "Katana_BDAP"
            },
            {
                "fidoname": "transaction",
                "script_name": "RepoHPCC/DataSource/SalesforceKatana/Katana/MSSQL/Transaction.sql",
                "dbmapid": "Katana_BDAP"
            },
            {
                "fidoname": "trial",
                "script_name": "RepoHPCC/DataSource/SalesforceKatana/Katana/MSSQL/Trial.sql",
                "dbmapid": "Katana_BDAP"
            },
            {
                "fidoname": "subscription",
                "script_name": "RepoHPCC/DataSource/Viper/Katana/MSSQL/Subscription.sql",
                "dbmapid": "ViperReporting"
            },
            {
                "fidoname": "useraccount",
                "script_name": "RepoHPCC/DataSource/Viper/Katana/MSSQL/UserAccount.sql",
                "dbmapid": "ViperReporting"
            }
        ]
    },
    {
        "icissubscriber": [
            {
                "fidoname": "account",
                "script_name": "RepoHPCC/DataSource/SalesforceUnity/fightglobal/MSSQL/Account.sql",
                "dbmapid": "Katana_BDAP"
            },
            {
                "fidoname": "subscription",
                "script_name": "RepoHPCC/DataSource/Viper/Katana/MSSQL/Subscription.sql",
                "dbmapid": "ViperReporting"
            },
            {
                "fidoname": "useraccount",
                "script_name": "RepoHPCC/DataSource/Viper/Katana/MSSQL/UserAccount.sql",
                "dbmapid": "ViperReporting"
            }
        ]
    },
    {
        "proagrica": [
            {
                "fidoname": "subscription",
                "script_name": "RepoHPCC/DataSource/Viper/Proagrica/MSSQL/Subscription.sql",
                "dbmapid": "ViperReporting"
            },
            {
                "fidoname": "useraccount",
                "script_name": "RepoHPCC/DataSource/Viper/Proagrica/MSSQL/UserAccount.sql",
                "dbmapid": "ViperReporting"
            }
        ]
    },
    {
        "xperthruk": [
            {
                "fidoname": "account",
                "script_name": "RepoHPCC/DataSource/SalesforceKatana/Katana/MSSQL/Account.sql",
                "dbmapid": "Katana_BDAP"
            },
            {
                "fidoname": "datedconversionrate",
                "script_name": "RepoHPCC/DataSource/SalesforceKatana/Katana/MSSQL/DatedConversionRate.sql",
                "dbmapid": "Katana_BDAP"
            },
            {
                "fidoname": "transaction",
                "script_name": "RepoHPCC/DataSource/SalesforceKatana/Katana/MSSQL/Transaction.sql",
                "dbmapid": "Katana_BDAP"
            },
            {
                "fidoname": "trial",
                "script_name": "RepoHPCC/DataSource/SalesforceKatana/Katana/MSSQL/Trial.sql",
                "dbmapid": "Katana_BDAP"
            },
            {
                "fidoname": "subscription",
                "script_name": "RepoHPCC/DataSource/Viper/Katana/MSSQL/Subscription.sql",
                "dbmapid": "ViperReporting"
            },
            {
                "fidoname": "useraccount",
                "script_name": "RepoHPCC/DataSource/Viper/Katana/MSSQL/UserAccount.sql",
                "dbmapid": "ViperReporting"
            }
        ]
    },
    {
        "xperthrus": [
            {
                "fidoname": "account",
                "script_name": "RepoHPCC/DataSource/SalesforceKatana/Katana/MSSQL/Account.sql",
                "dbmapid": "Katana_BDAP"
            },
            {
                "fidoname": "datedconversionrate",
                "script_name": "RepoHPCC/DataSource/SalesforceKatana/Katana/MSSQL/DatedConversionRate.sql",
                "dbmapid": "Katana_BDAP"
            },
            {
                "fidoname": "transaction",
                "script_name": "RepoHPCC/DataSource/SalesforceKatana/Katana/MSSQL/Transaction.sql",
                "dbmapid": "Katana_BDAP"
            },
            {
                "fidoname": "trial",
                "script_name": "RepoHPCC/DataSource/SalesforceKatana/Katana/MSSQL/Trial.sql",
                "dbmapid": "Katana_BDAP"
            },
            {
                "fidoname": "subscription",
                "script_name": "RepoHPCC/DataSource/Viper/Katana/MSSQL/Subscription.sql",
                "dbmapid": "ViperReporting"
            },
            {
                "fidoname": "useraccount",
                "script_name": "RepoHPCC/DataSource/Viper/Katana/MSSQL/UserAccount.sql",
                "dbmapid": "ViperReporting"
            }
        ]
    },
    {
        "fido_dev": [
            {
                "fidoname": "trial",
                "script_name": "",
                "dbmapid": "DEV_SQl_DB_CRED",
                "database": "rbi"
            }
        ]
    },
    {
        "fido_prod": [
            {
                "fidoname": "trial",
                "script_name": "",
                "dbmapid": "PROD_SQl_DB_CRED",
                "database": "rbi"
            }
        ]
    }
]