[
    {
        "ViperReporting":
        [
            {
                "sql_server" : "CISQHSSQLP017V.rbi.web.ds",
                "trustedconnection" : "yes",
                "drivername" : "{ODBC Driver 17 for SQL Server}"
            }
        ]
    },
    {
        "Katana_BDAP":
        [
            {
                "sql_server" : "RBIQHSdbSP003v.b2b.regn.net",     
                "trustedconnection" : "yes",   
                "drivername" : "{ODBC Driver 17 for SQL Server}"
            }
        ]
    },
	{
        "DEV_SQl_DB_CRED":
        [
            {
                "sql_server": "ALAWDREDSQL201",
                "port" : "50255",
                "trustedconnection" : "yes",
                "drivername" : "{ODBC Driver 17 for SQL Server}",
                "servertype" : "sqlserver"
            }
        ]
    },
    {
        "PROD_SQl_DB_CRED":
        [
            {
                "sql_server": "ALAWPREDSQLCL1\\SQLPRD01",
                "port" : "50750",
                "trustedconnection" : "yes",
                "drivername" : "{ODBC Driver 17 for SQL Server}",
                "servertype" : "sqlserver"
            }
        ]
    },
    {
        "Unity_BDAP":
        [
            {
                "sql_server" : "RBIQHSDBSP004v.b2b.regn.net",
                "trustedconnection" : "yes",
                "drivername" : "{ODBC Driver 17 for SQL Server}"
            }
        ]
    },
    {
        "BankersForTableau":
        [
            {
                "sql_server": "RBIQHSDBSP106v.b2b.regn.net",        
                "trustedconnection" : "yes",
                "drivername" : "{ODBC Driver 17 for SQL Server}"
            }
        ]
    }
]