[
  {
    "Source": "accountassign",
    "AttributeToCall": "red.source.accountassign.build_accountassign",
    "Frequency": "daily",
    "ProcessType": "inboundloads",
    "wu_priority" : "'high'",
    "preProcess": "import accountassign_pull;accountassign_pull.process()"
  },
  {
    "Source": "accountassign_history",
    "AttributeToCall": "sequential(red.source.accountassign.build_accountassign_history,red.dm.proc_accountassign_history_despray)",
    "Frequency": "daily",
    "ProcessType": "inboundloads",
    "wu_priority" : "'high'",
    "adhoc_despray": "accountassign_history"
  },
  {
    "Source": "audit_compliance",
    "AttributeToCall": "sequential(red.source.audit_compliance.build_audit_compliance,red.dm.proc_despray_audit_compliance.main)",
    "Frequency": "daily",
    "ProcessType": "inboundloads",
    "clustername": "FidoVMAzure",
    "adhoc_despray": "audit_compliance"
  },

  {
    "Source": "healthcare_alpha_job_stats",
    "AttributeToCall": "red.source.job_stats.collect_job_stats()",
    "Frequency": "daily",
    "ProcessType": "fromHPCC",
    "clustername": "HCALPHA"
  },
  {
    "Source": "healthcare_ina_alpha_job_stats",
    "AttributeToCall": "red.source.job_stats.collect_job_stats()",
    "Frequency": "daily",
    "ProcessType": "fromHPCC",
    "clustername": "HCINAALPHA"
  },
  {
    "Source": "healthcare_ina_boca_job_stats",
    "AttributeToCall": "red.source.job_stats.collect_job_stats()",
    "Frequency": "daily",
    "ProcessType": "fromHPCC",
    "clustername": "HCINABOCA"
  },
  {
    "Source": "healthcare_phi_alpha_job_stats",
    "AttributeToCall": "red.source.job_stats.collect_job_stats()",
    "Frequency": "daily",
    "ProcessType": "fromHPCC",
    "clustername": "HCPHIALPHA"
  },
    {
    "Source": "healthcare_phi_boca_job_stats",
    "AttributeToCall": "red.source.job_stats.collect_job_stats()",
    "Frequency": "daily",
    "ProcessType": "fromHPCC",
    "clustername": "HCPHIBOCA"
  },
  {
    "Source": "healthcare_qa_boca_job_stats",
    "AttributeToCall": "red.source.job_stats.collect_job_stats()",
    "Frequency": "daily",
    "ProcessType": "fromHPCC",
    "clustername": "HCQABOCA"
  },
  {
    "Source": "healthcare_dev_boca_job_stats",
    "AttributeToCall": "red.source.job_stats.collect_job_stats()",
    "Frequency": "daily",
    "ProcessType": "fromHPCC",
    "clustername": "HCDEVBOCA"
  },
  {
    "Source": "healthcare_qa_alpha_job_stats",
    "AttributeToCall": "red.source.job_stats.collect_job_stats()",
    "Frequency": "daily",
    "ProcessType": "fromHPCC",
    "clustername": "HCQAALPHA"
  },
  {
    "Source": "healthcare_boca_job_stats",
    "AttributeToCall": "red.source.job_stats.collect_job_stats()",
    "Frequency": "daily",
    "ProcessType": "fromHPCC",
    "clustername": "HCBOCA"
  },
  {
    "Source": "uk_esp_job_stats",
    "AttributeToCall": "red.source.job_stats.collect_job_stats()",
    "Frequency": "daily",
    "ProcessType": "fromHPCC",
    "clustername": "UKESP"
  },
  
  {
    "Source": "alpha_job_stats",
    "AttributeToCall": "red.source.job_stats.collect_job_stats()",
    "Frequency": "daily",
    "ProcessType": "fromHPCC",
    "clustername": "HPCCAlpha"
  },
  {
    "Source": "vault_job_stats",
    "AttributeToCall": "red.source.job_stats.collect_job_stats()",
    "Frequency": "daily",
    "ProcessType": "fromHPCC",
    "clustername": "HPCCVault"
  },
  {
    "Source": "alphaqc_job_stats",
    "AttributeToCall": "red.source.job_stats.collect_job_stats()",
    "Frequency": "daily",
    "ProcessType": "fromHPCC",
    "clustername": "HPCCAlphaQC"
  },
  {
    "Source": "boca_job_stats",
    "AttributeToCall": "red.source.job_stats.collect_job_stats()",
    "Frequency": "daily",
    "ProcessType": "fromHPCC",
    "clustername": "HPCCBoca"
  },
  {
    "Source": "fido_job_stats",
    "AttributeToCall": "sequential(red.source.Job_Stats.build_job_stats,red.dm.proc_job_stats_despray)",
    "Frequency": "daily",
    "ProcessType": "fromHPCC",
    "adhoc_despray": "job_stats",
    "clustername": "FidoVMAzure"
  },  
  {
    "Source": "fido_job_stats_prod",
    "AttributeToCall": "red.source.job_stats.collect_job_stats()",
    "Frequency": "daily",
    "ProcessType": "fromHPCC",
    "wu_priority" : "'high'",
    "clustername": "HPCChthor"
  }, 
  {
    "Source": "aid",
    "AttributeToCall": "sequential(red.source.aidv2.build_aidv2,red.dm.proc_aidv2_despray)",
    "Frequency": "daily",
    "ProcessType": "fromHPCC",
    "adhoc_despray": "aid"
  },
  {
    "Source": "vehicle_build",
    "AttributeToCall": "sequential(red.source.vehicle_build.build_vehicle_build,red.dm.proc_vehicle_build_despray)",
    "Frequency": "daily",
    "ProcessType": "fromHPCC",
    "adhoc_despray": "vehicle_build"
  },
  {
    "Source": "mvr_mvt",
    "AttributeToCall": "sequential(red.source.mvr.mvr_mvt.build_mvr_mvt,red.dm.proc_mvr_mvt_despray.main)",
    "Frequency": "daily",
    "ProcessType": "fromHPCC",
    "wu_priority" : "'high'",
    "adhoc_despray": "mvr_mvt",
    "clustername": "FidoVMAzure"
  },
  {
    "Source": "dr_copy_scout",
    "AttributeToCall": "red.common.drcopy.copyfilestodr_scout",
    "Frequency": "daily",
    "ProcessType": "fromHPCC",
    "clustername": "HPCCDR"
  },
  {
    "Source": "dr_copy_red",
    "AttributeToCall": "red.common.drcopy.copyfilestodr_red",
    "Frequency": "daily",
    "ProcessType": "fromHPCC",
    "clustername": "HPCCDR"
  },
  {
    "Source": "alirts",
    "AttributeToCall": "red.source.alirts.build_alirts",
    "Frequency": "daily",
    "ProcessType": "inboundloads",
    "adhoc_despray": "alirts",
    "clustername": "FidoVMAzure"
  },

  {
    "Source": "alirts",
    "AttributeToCall": "red.source.alirts.build_alirts_monthly",
    "Frequency": "monthly",
    "ProcessType": "inboundloads",
    "clustername": "FidoVMAzure"
  },
  {
    "Source": "avaya",
    "AttributeToCall": "SEQUENTIAL(red.source.avaya.build_avaya, red.dm.proc_avaya_loads.main)",
    "Frequency": "daily",
    "ProcessType": "inboundloads",
    "adhoc_despray": "avaya",
    "clustername": "FidoVMAzure"
  },
  {
    "Source": "build_stats",
    "AttributeToCall": "sequential(red.source.build_stats.build_stats,red.dm.proc_build_stats_despray)",
    "Frequency": "daily",
    "ProcessType": "fromHPCC",
    "adhoc_despray": "build_stats"
  },
  {
    "Source": "build_foreign_feeds",
    "AttributeToCall": "sequential(red.source.dnc.build_dnc,red.source.govdata.build_govdata,red.source.dca.build_dca,red.source.credit_unions.build_credit_unions,red.source.diversity_certification.build_diversity_certification,red.source.irs5500.build_irs5500)",
    "Frequency": "daily",
    "ProcessType": "fromHPCC"
  },  
  {
     "Source": "clue_inquiry",
     "AttributeToCall": "red.source.clue.clue_inq.build_clue_inq",
     "Frequency": "monthly",
     "ProcessType": "fromHPCC",
     "adhoc_despray": "clue_inquiry"
  },
  {
    "Source": "cc_inquiry",
    "AttributeToCall": "red.source.current_carrier.inquiry.build_inquiry",
    "Frequency": "weekly",
    "ProcessType": "fromHPCC"
  },
  {
    "Source": "current_carrier_inquiry",
    "AttributeToCall": "sequential(red.source.current_carrier.inquiry.build_current_carrier_inquiry,red.dm.proc_current_carrier_inquiry_despray)",
    "Frequency": "monthly",
    "ProcessType": "fromHPCC",
    "adhoc_despray": "current_carrier_inquiry"
  },
     {
    "Source": "zipcode",
    "AttributeToCall": "sequential(red.source.billing.manual.build_dim.load_dim_zipcode,red.dm.dim_zipcode.despray)",
    "Frequency": "monthly",
	"ProcessType": "fromHPCC",
	"adhoc_despray": "AM"
   },
  {
    "Source": "clue_auto_contribution",
    "AttributeToCall": "sequential(red.source.clue.contribution.clue_auto_contrib.build_clue_auto_contrib,red.dm.proc_clue_auto_contrib_despray)",
    "Frequency": "monthly",
    "ProcessType": "fromHPCC",
    "adhoc_despray": "clue_auto_contribution"
  },
  {
    "Source": "mbs_coplogic",
    "AttributeToCall": "sequential(red.source.mbs_coplogic.build_mbs_coplogic,red.dm.proc_coplogic_despray.main)",
    "Frequency": "daily",
    "ProcessType": "inboundloads",
    "wu_priority" : "'high'",
    "adhoc_despray": "mbs_coplogic",
    "preProcess": "import prep_mbs_coplogic;prep_mbs_coplogic.pull()"
  },
  {
    "Source": "orbit_ambest",
    "AttributeToCall": "sequential(red.source.orbit.build_orbit,red.dm.proc_orbit_despray)",
    "Frequency": "monthly",
    "ProcessType": "fromHPCC",
	  "adhoc_despray": "orbit_ambest"
  },
  {
    "Source": "clue_property_contribution",
    "AttributeToCall": "sequential(red.source.clue.contribution.clue_prop_contrib.build_clue_prop_contrib,red.dm.proc_clue_prop_contrib_despray)",
    "Frequency": "monthly",
    "ProcessType": "fromHPCC",
    "adhoc_despray": "clue_property_contribution"
  },
  {
      "Source": "clue_commercial_contribution",
      "AttributeToCall": "sequential(red.source.clue.contribution.clue_comm_contrib.build_clue_comm_contrib,red.dm.proc_clue_comm_contrib_despray)",
      "Frequency": "monthly",
      "ProcessType": "fromHPCC",
      "adhoc_despray": "clue_commercial_contribution"
  },
  {
      "Source": "cc_contribution_mgmt",
      "AttributeToCall": "sequential(red.source.current_carrier.cc_contribution_mgmt.build_cc_contribution_mgmt,red.dm.proc_cc_contribution_mgmt_despray)",
      "Frequency": "monthly",
      "ProcessType": "fromHPCC",
      "adhoc_despray": "cc_contribution_mgmt"
  },
  {
    "Source": "clue_commercial",
    "AttributeToCall": "red.source.clue.inquiry.clue_commercial.build_clue_commercial",
    "Frequency": "monthly",
    "ProcessType": "fromHPCC",
    "adhoc_despray": "clue_commercial_monthly"
  },
  {
    "Source": "commercial_prefill_firmo",
    "AttributeToCall": "sequential(red.source.commercial_prefill.build_commercial_prefill,red.dm.proc_commercial_adpf_firmo_despray.main)",
    "Frequency": "daily",
    "ProcessType": "fromHPCC",
    "clustername": "HPCCVault",
    "adhoc_despray": "commercial_prefill_firmo"
  },
  {
    "Source": "cru",
    "AttributeToCall": "sequential(red.source.cru.build_cru,red.dm.proc_cru_despray.main)",
    "Frequency": "daily",
    "ProcessType": "inboundloads",
    "wu_priority" : "'high'",
    "adhoc_despray": "cru",
    "preProcess": "import cru_pull;cru_pull.pull_files()"
  },
  {
    "Source": "current_carrier_contribution",
    "AttributeToCall": "red.dsp.current_carrier.contribution.build_all",
    "Frequency": "monthly",
    "ProcessType": "fromHPCC"
  },
  {
    "Source": "dnc",
    "AttributeToCall": "red.source.dnc.build_dnc",
    "Frequency": "daily",
    "ProcessType": "fromHPCC",
    "clustername": "FidoVMAzure"
  },
  {
    "Source": "dnc_eloqua_extract",
    "AttributeToCall": "red.extract.marketing.dnc_eloqua_extract",
    "Frequency": "daily",
    "ProcessType": "fromHPCC",
    "clustername": "FidoVMAzure"
  },
  
  {
    "Source": "nonrisk_cust_vertical_extract",
    "AttributeToCall": "red.extract.nonrisk_cust_vertical_extract",
    "Frequency": "daily",
    "ProcessType": "fromHPCC"
  },
  {
    "Source": "raaextract",
    "AttributeToCall": "red.extract.bwr_raa_acct_extract",
    "Frequency": "daily",
    "ProcessType": "fromHPCC"
  },
  {
    "Source": "search_type_extract",
    "AttributeToCall": "red.source.billing.manual.bwr_search_type_export",
    "Frequency": "daily",
    "ProcessType": "fromHPCC"
  },
  {
    "Source": "month_end_data_dump",
    "AttributeToCall": "red.extract.month_end_data_dump",
    "Frequency": "monthly",
    "ProcessType": "fromHPCC"
  },
  {
    "Source": "daily_flash_extract",
    "AttributeToCall": "red.forecast.healthcare.hc_flash.bwr_hc3_flash_extract;red.forecast.business_services.bsv_flash.bwr_bsv_flash_extract",
    "Frequency": "daily",
	  "wu_priority" : "'high'",
    "ProcessType": "fromHPCC"
  },
  {
    "Source": "scoring_model11",
    "AttributeToCall": "red.scoring.build_scoring.process_model11",
    "Frequency": "daily",
    "ProcessType": "fromHPCC"
  },
  {
    "Source": "scoring_model10",
    "AttributeToCall": "red.scoring.build_scoring.process_model10",
    "Frequency": "daily",
    "ProcessType": "fromHPCC"
  },
  {
    "Source": "build_experian",
    "AttributeToCall": "red.source.experian.build_experian",
    "Frequency": "monthly",
    "ProcessType": "fromHPCC"
  },
  {
    "Source": "build_dnb",
    "AttributeToCall": "red.source.dnb.build_dnb",
    "Frequency": "monthly",
    "ProcessType": "fromHPCC"
  },
  
  {
    "Source": "build_business",
    "AttributeToCall": "red.common.business.build_business",
    "Frequency": "daily",
    "ProcessType": "fromHPCC"
  },  
  
  {
    "Source": "ect",
    "AttributeToCall": "SEQUENTIAL(red.source.ect.build_ect, red.dm.proc_ect_loads.main)",
    "Frequency": "daily",
    "ProcessType": "inboundloads",
    "adhoc_despray": "ect"
  },
  {
    "Source": "eloqua",
    "AttributeToCall": "sequential(red.source.eloqua.build_eloqua,red.dm.proc_eloqua_despray.main)",
    "Frequency": "daily",
    "ErrorEmailTo": "George.Triarhos@lexisnexisrisk.com ,Jacari.Witchard@lexisnexisrisk.com,Ed.Dierker@lexisnexisrisk.com ,vijay.maddipatla@lexisnexisrisk.com",
    "ProcessType": "inboundloads",
    "adhoc_despray": "eloqua"
  },
  {
    "Source": "innotas",
    "AttributeToCall": "SEQUENTIAL(red.source.innotas.build_innotas,red.extract.build_files.load_essbase_fido_capz)",
    "Frequency": "daily",
    "ProcessType": "inboundloads",
    "clustername": "FidoVMAzure" ,
    "adhoc_despray": "innotas",
    "WaitFor": {
      "File": "_getRequiredFiles",
      "WaitForMinutes": {
        "Default" : "30"
      },
      "WaitCycleSeconds": "600",
      "EmailAfterMinutes": "10",
      "EmailAttempt": "3"
    }
  },
  {
   "Source": "innotas",
   "AttributeToCall": "red.source.innotas.build_capz_monthly_actuals",
   "Frequency": "monthly",
   "ProcessType": "inboundloads",
   "WhenParam": "innotas Daily Build for $today is completed"
  },
  {
   "Source": "capz_essbase",
   "AttributeToCall": "red.extract.build_files.load_essbase_fido_capz",
   "Frequency": "monthly",
   "ProcessType": "fromHPCC"
  },
  {
    "Source": "ins_performance_hub",
    "AttributeToCall": "sequential(red.source.ins_performance_hub.build_ins_performance_hub, red.dm.proc_ins_performance_hub_despray)",
    "Frequency": "daily",
    "wu_priority" : "'high'",
    "ProcessType": "inboundloads",
    "adhoc_despray": "ins_performance_hub",
    "clustername": "FidoVMAzure",
    "ErrorEmailTo": "FiDOCoreTeam@lexisnexisrisk.com,chantelle.wall@lexisnexisrisk.com",
    "SuccessEmailTo": "FiDOCoreTeam@lexisnexisrisk.com,chantelle.wall@lexisnexisrisk.com"
  },
  {
    "Source": "ins_performance_hub_report",
    "AttributeToCall": "red.source.ins_performance_hub.build_ins_performance_hub_report",
    "Frequency": "daily",
    "wu_priority" : "'high'",
    "ProcessType": "fromHPCC",
    "clustername": "FidoVMAzure"
  },
  {
    "Source": "ins_revenue",
    "AttributeToCall": "red.dm.proc_fact_ins_revenue_build",
    "Frequency": "daily",
	"wu_priority" : "'high'",
    "ProcessType": "fromHPCC",
    "adhoc_despray": "ins_revenue"
  },
  {
    "Source": "ins_opportunity_mapping",
    "AttributeToCall": "red.source.salesforce.build_process.ins_oppty_mapping.ds_sf_opportunity_ins_growth",
    "Frequency": "daily",
    "ProcessType": "fromHPCC",
    "WhenParam"    : "salesforce Daily Build for $today is completed"
  },
  {
    "Source": "instant_id",
    "AttributeToCall": "sequential(red.source.iam.instant_id.build_instant_id_dm,red.dm.proc_instant_id_despray)",
    "Frequency": "monthly",
    "ProcessType": "fromHPCC",
    "adhoc_despray": "instant_id"
  },
  {
    "Source": "instant_id_remote_copy",
    "AttributeToCall": "red.source.instant_id.remote_file_copy",
    "Frequency": "monthly",
    "ProcessType": "fromHPCC"
  },
  {
    "Source": "instant_id_alpha",
    "AttributeToCall": "red.source.iam.instant_id.build_alpha_instant_id",
    "Frequency": "daily",
    "ProcessType": "fromHPCC"
  },
  {
    "Source": "instant_id_scout",
    "AttributeToCall": "red.source.iam.instant_id.build_scout_instant_id",
    "Frequency": "daily",
    "ProcessType": "fromHPCC",
	"WhenParam": "logs_roxie Daily Build for $today is completed"
  },
  {
    "Source": "instant_id_boca_batch",
    "AttributeToCall": "red.source.iam.instant_id.build_instant_id_boca_batch",
    "Frequency": "daily",
    "ProcessType": "inboundloads",
    "preProcess": "import instant_id_batchr3_merge_split_files;instant_id_batchr3_merge_split_files.main()",
    "clustername": "FidoVMAzure"
  },
  {
    "Source": "insurance",
    "AttributeToCall": "red.source.insurance.build_insurance",
    "Frequency": "weekly",
    "ProcessType": "fromHPCC"
  },
  {
    "Source": "lp_suppression_extract",
    "AttributeToCall": "red.extract.marketing.lp_suppression_extract",
    "Frequency": "daily",
    "ProcessType": "fromHPCC"
  },
   {
    "Source": "market_magnifier",
    "AttributeToCall": "red.source.market_magnifier.build_market_magnifier",
    "Frequency": "monthly",
    "ProcessType": "fromHPCC"
  },
  {
    "Source": "market_magnifier_remote_copy",
    "AttributeToCall": "red.source.market_magnifier.remote_copy_files",
    "Frequency": "monthly",
    "ProcessType": "fromHPCC"
  },
  {
    "Source": "market_magnifier_portal",
    "AttributeToCall": "sequential(red.source.market_magnifier.fact_build,red.dm.proc_market_magnifier_despray)",
    "Frequency": "daily",
    "ProcessType": "fromHPCC",
    "clustername": "HPCCVault",
    "adhoc_despray": "market_magnifier_portal"
  },
  {
    "Source": "market_research_current_dnc_extract",
    "AttributeToCall": "red.extract.marketing.market_research_current_dnc_extract",
    "ProcessType": "fromHPCC",
    "Frequency": "daily"
  },
  {
    "Source": "market_research_current_dnc_extract",
    "AttributeToCall": "red.extract.marketing.market_research_current_dnc_extract",
    "Frequency": "daily",
    "ProcessType": "fromHPCC"
  },
  {
    "Source": "audit_log",
    "AttributeToCall": "red.audit_log.build_stg.build_audit_log",
    "Frequency": "daily",
    "ProcessType": "fromHPCC"
  },
  {
    "Source": "revenue_adjustment",
    "AttributeToCall": "red.dm.proc_revenue_adjustment_despray",
    "Frequency": "monthly",
    "ProcessType": "fromHPCC",
    "adhoc_despray": "revenue_adjustment",
    "wu_priority" : "'high'"
  },
  {
    "Source": "mbs_daily_usage_am",
    "AttributeToCall": "red.source.billing.mbs.build_mbs.daily_usage_am",
    "Frequency": "daily",
    "ProcessType": "inboundloads",
    "wu_priority" : "'high'",
    "WaitFor": {
      "File": "_getRequiredFiles",
      "WaitForMinutes": {
        "Default" : "180"
      },
      "WaitCycleSeconds": "600",
      "EmailAfterMinutes": "45",
      "EmailAttempt": "4"
    }
  },
  {
    "Source": "mbs_daily_part_1",
    "AttributeToCall": "red.source.billing.mbs.build_mbs.daily_part_1",
    "Frequency": "daily",
    "ProcessType": "fromHPCC",
    "wu_priority" : "'high'",
    "WhenParam": "mbs_daily_usage_am Daily Build for $today is completed"
  },
  {
    "Source": "mbs_daily_part_2",
    "AttributeToCall": "red.source.billing.mbs.build_mbs.daily_part_2",
    "Frequency": "daily",
    "ProcessType": "fromHPCC",
    "wu_priority" : "'high'",
    "WhenParam": "mbs_daily_part_1 Daily Build for $today is completed"
  },
  {
    "Source": "mbs_daily_part_3",
    "AttributeToCall": "red.source.billing.mbs.build_mbs.daily_part_3",
    "Frequency": "daily",
    "ProcessType": "fromHPCC",
    "wu_priority" : "'high'",
    "WhenParam": "mbs_daily_part_2 Daily Build for $today is completed"
  },
  {
    "Source": "mbs_close",
    "AttributeToCall": "red.source.billing.mbs.bwr_build_monthend_facts",
    "Frequency": "monthly",
    "ProcessType": "fromHPCC"
  },
  {
    "Source": "mbs",
    "AttributeToCall": "red.source.billing.mbs.build_mbs.build_mbs_monthly",
    "Frequency": "monthly",
    "ProcessType": "inboundloads"
  },
  {
    "Source": "mbs_usage",
    "AttributeToCall": "red.source.billing.mbs.build_mthly_fact_tran_usage_logs",
    "Frequency": "monthly",
    "wu_priority" : "'high'",
    "ProcessType": "inboundloads"
  },
  {
    "Source": "mbs_usage_monitoring_email",
    "AttributeToCall": "red.source.billing.mbs.bwr_generate_daily_consolidated_usage_alert",
    "Frequency": "daily",
    "ProcessType": "fromHPCC",
	  "wu_priority" : "'high'"
  },    
  {
    "Source": "mbs_usage_extract",
    "AttributeToCall": "red.extract.essbase_load_build_despray.mbs_usage_daily_extract",
    "Frequency": "daily",
    "ProcessType": "fromHPCC",
    "WhenParam": "mbs_usage Daily Build for $today is completed"
  },  
  {
    "Source": "mbs_usage",
    "AttributeToCall": "sequential(#STORED('agg_cm_pm','TRUE');red.source.billing.mbs.build_daily_fact_tran_usage_logs,red.dm.proc_mbs_usage_daily)",
    "Frequency": "daily",
    "adhoc_despray": "mbs_usage_daily",
    "wu_priority" : "'high'",
    "ProcessType": "inboundloads"
  },
  {
    "Source": "mbs_contact",
    "AttributeToCall": "sequential(red.source.billing.mbs.build_dim.load_contact,red.source.billing.mbs.build_dim.load_dim_accurint_tag_table)",
    "Frequency": "daily",
    "ProcessType": "fromHPCC",
    "WhenParam": "mbs_daily_part_3 Daily Build for $today is completed",
    "wu_priority" : "'high'"
  },  
  {
    "Source": "data_scoring",
    "AttributeToCall": "SEQUENTIAL(red.source.data_scoring.build_data_scoring;red.dm.proc_data_scoring_despray)",
    "Frequency": "daily",
    "adhoc_despray": "data_scoring",
    "ProcessType": "fromHPCC",
    "clustername": "FidoVMAzure"
  },
  {
    "Source": "tku",
    "AttributeToCall": "SEQUENTIAL(red.source.tku.tku_build)",
    "Frequency": "adhoc",
    "preProcess": "import tku;tku.main()",
    "adhoc_despray": "tku",
    "ProcessType": "inboundloads",
    "clustername": "FidoVMAzure"
  },
  {
    "Source": "mbs",
    "AttributeToCall": "red.source.billing.mbs.build_pre_final_mbs",
    "Frequency": "prefinal",
    "ProcessType": "inboundloads",
    "adhoc_despray": "mbs_prefinal",
    "wu_priority" : "'high'",
    "WaitFor": {
      "File": "_getRequiredFiles",
      "WaitForMinutes": {
        "Default" : "180"
      },
      "WaitCycleSeconds": "600",
      "EmailAfterMinutes": "60",
      "EmailAttempt": "3"
    }
  },
  {
   "Source": "mbs_prefinal_rev_load_check",
   "AttributeToCall": "red.source.billing.mbs.bwr_mbs_monthly_rev_load_check",
   "Frequency": "prefinal",
   "ProcessType": "fromHPCC",
   "WhenParam": "mbs Monthly Build for $buildmonth is completed"
  },
  {
   "Source": "mbs_ar",
   "AttributeToCall": "sequential(red.source.billing.mbs_ar.mbs_ar_daily_build, red.dm.proc_ar_despray.proc_facts_dims)",
   "Frequency": "daily",
   "ProcessType": "inboundloads", 
   "adhoc_despray": "mbs_ar",
   "IngestType": "pull"
  },
  {
    "Source": "mbs_ar",
    "AttributeToCall": "sequential(red.source.billing.mbs_ar.mbs_ar_prefinal_build, red.dm.proc_ar_despray.proc_facts_dims)",
    "Frequency": "prefinal",
    "ProcessType": "inboundloads", 
    "adhoc_despray": "mbs_ar_prefinal",
    "IngestType": "pull"
   },
  {
   "Source": "mbs_caps",
   "AttributeToCall": "sequential(red.source.billing.mbs_caps.build_mbs_caps, red.dm.proc_mbs_caps_despray)",
   "Frequency": "daily",
   "ProcessType": "inboundloads",
   "adhoc_despray": "mbs_caps",
   "WhenParam": "mbs_ar Daily Build for $today is completed"
  },
  {
    "Source": "mbs_tracesmart",
    "AttributeToCall": "sequential(red.source.billing.mbs_tracesmart.build_tracesmart, red.dm.proc_tsm_despray)",
    "Frequency": "daily",
    "ProcessType": "inboundloads",
    "adhoc_despray": "mbs_tracesmart",
    "wu_priority" : "'high'"
   },
   {
    "Source": "insurance_revenue_override",
    "AttributeToCall": "red.source.billing.manual.bwr_build_ins_growth_metrics_override",
    "Frequency": "adhoc",
    "preProcess" : "import fileMonitorInsuranceRevenueOverrride; fileMonitorInsuranceRevenueOverrride.main()",
     "adhoc_despray": "insurance_revenue_override",
    "ProcessType": "inboundloads"
   },
   {
    "Source": "clear_insurance_revenue_override",
    "AttributeToCall": "red.source.billing.manual.override_daily_data_clean",
    "Frequency": "daily",
     "adhoc_despray": "CLEAR_INSURANCE_REVENUE_OVERRIDE",
    "ProcessType": "fromHPCC"
   },
  {
    "Source": "mbsi_mvr",
    "AttributeToCall": "red.source.billing.mbsi_mvr.build_mbsi_mvr",
    "Frequency": "daily",
    "ProcessType": "inboundloads",
    "wu_priority" : "'high'",
    "WaitFor": {
      "File": "_getRequiredFiles",
      "WaitForMinutes": {
        "Default" : "60"
      },
      "WaitCycleSeconds": "600",
      "EmailAfterMinutes": "20",
      "EmailAttempt": "3"
    }
  },
  {
    "Source": "mbsi_revenue",
    "AttributeToCall": "red.source.billing.mbsi.build_mbsi",
    "Frequency": "monthly",
    "ProcessType": "inboundloads",
	"wu_priority" : "'high'",
    "WaitFor": {
      "File": "_getRequiredFiles",
      "WaitForMinutes": {
        "Default" : "190"
      },
      "WaitCycleSeconds": "900",
      "EmailAfterMinutes": "60",
      "EmailAttempt": "3"
    }
  },
  {
    "Source": "mbsi_nonrevenue",
    "AttributeToCall": "red.source.billing.mbsi.build_mbsi_nonrevenue",
    "Frequency": "daily",
    "ProcessType": "inboundloads",
	"wu_priority" : "'high'"
  },
  {
    "Source": "mbsi_revenue",
    "AttributeToCall": "red.source.billing.mbsi.build_mbsi_revenue",
    "Frequency": "daily",
    "ProcessType": "inboundloads",
    "wu_priority" :"'high'",
    "NotifyOnFailure": "FailureAction",
    "adhoc_despray": "mbs_dashboard",
    "FailureAction": "SEQUENTIAL(#STORED('soapenv','prod');#STORED('dash_status','failure');red.source.billing.mbsi.build_dashboard)"
  },
  {
    "Source": "royalty",
    "AttributeToCall": "sequential(red.source.royalty.telematics.build_royalty_telematics,red.dm.proc_ins_royalty_despray)",
    "Frequency": "daily",
    "ProcessType": "inboundloads",
    "adhoc_despray": "royalty",
    "wu_priority" : "'high'"
  },
  {
    "Source": "mrm",
    "AttributeToCall": "red.source.mrm.build_mrm",
    "Frequency": "daily"
  },
  {
    "Source": "mvr",
    "AttributeToCall": "red.source.billing.mvr.build_mvr",
    "Frequency": "daily",
    "ProcessType": "inboundloads",
    "wu_priority" :"'high'"
  },
  {
    "Source": "ncf",
    "AttributeToCall": "sequential(red.source.ncf.build_ncf,red.dm.proc_ncf_despray.main)",
    "Frequency": "daily",
    "ProcessType": "fromHPCC",
    "adhoc_despray": "ncf"
  },
  {
    "Source": "ncf",
    "AttributeToCall": "sequential(red.source.ncf.build_ncf,red.dm.proc_ncf_despray.main)",
    "Frequency": "monthly",
    "ProcessType": "fromHPCC",
    "wu_priority" :"'high'",
    "adhoc_despray": "ncf_monthly"
  },
  {
    "Source": "mvr_avap",
    "AttributeToCall": "sequential(red.source.mvr.mvr_avap.build_mvr_avap,red.dm.proc_mvr_avap_despray)",
    "Frequency": "daily",
    "ProcessType": "inboundloads",
    "adhoc_despray": "mvr_avap"
  },
  {
   "Source": "mvr_svc",
   "AttributeToCall": "red.source.mvr_svc.build_mvr_svc",
   "Frequency": "daily",
   "ProcessType": "fromHPCC",
   "wu_priority" : "'high'",
   "adhoc_despray": "mvr_svc"
 },
  {
   "Source": "mvr_svc",
   "AttributeToCall": "red.source.mvr_svc.build_mvr_svc",
   "Frequency": "weekly",
   "ProcessType": "fromHPCC",
   "adhoc_despray": "mvr_svc_weekly"
 },
 {
  "Source": "mvr_svc",
  "AttributeToCall": "red.source.mvr_svc.build_mvr_svc",
  "Frequency": "monthly",
  "ProcessType": "fromHPCC",
  "adhoc_despray": "mvr_svc_monthly"
},
{
  "Source": "customer_information_extract",
  "AttributeToCall": "red.extract.customer_information_extract",
  "Frequency": "daily",
  "ProcessType": "fromHPCC",
  "clustername": "FidoVMAzure"
},

  {
    "Source": "nps",
    "AttributeToCall": "red.source.nps.build_nps",
    "Frequency": "daily",
    "ProcessType": "inboundloads",
    "clustername": "FidoVMAzure"
  },
  {
    "Source": "parameter",
    "AttributeToCall": "red.common.parameter.build_parameter",
    "Frequency": "monthly"
  },
  {
    "Source": "pct",
    "AttributeToCall": "SEQUENTIAL(red.source.pct.build_pct, red.dm.proc_pct_loads.main)",
    "Frequency": "daily",
    "ProcessType" : "inboundloads",
    "preProcess": "import pct_pull;pct_pull.pull_files()",
    "ErrorEmailTo": "Vijay.Maddipatla@lexisnexisrisk.com,christopher.weaver@lexisnexisrisk.com,FiDOCoreTeam@lexisnexisrisk.com",
    "adhoc_despray": "pct",
    "clustername": "FidoVMAzure"
   },
   {
    "Source": "snp",
    "AttributeToCall": "red.source.snp.build_snp",
    "Frequency": "monthly",
    "ProcessType" : "inboundloads",
    "preProcess": "import snp_pull;snp_pull.pull_files()",
    "adhoc_despray" : "snp"
   },
   {
    "Source": "endofday_agg",
    "AttributeToCall": "red.dm.proc_endofday_agg_essbase_build.agg_build",
    "Frequency": "daily",
    "adhoc_despray": "ENDOFDAY",
	"wu_priority" : "'high'",
	"ProcessType": "fromHPCC"
  },
  {
    "Source": "peoplesoft",
    "AttributeToCall": "red.source.peoplesoft.build_peoplesoft",
    "Frequency": "daily",
    "ProcessType": "inboundloads",
    "ErrorEmailTo": "Vijay.Maddipatla@lexisnexisrisk.com,raju.nagarajan@lexisnexisrisk.com",
    "preProcess": "import peoplesoft_pull;peoplesoft_pull.pull_files()"
  },
    {
    "Source": "workday",
    "AttributeToCall": "red.source.workday.build_workday",
    "Frequency": "daily",
    "ProcessType": "inboundloads",
    "ErrorEmailTo": "FiDOCoreTeam@lexisnexisrisk.com,fido.operations@lexisnexisrisk.com",
    "preProcess": "import workday_employee_pull;import workday_ppm;workday_employee_pull.pull_files();workday_ppm.pull_files()"
  },
   {
    "Source": "jira",
    "AttributeToCall": "SEQUENTIAL(red.source.jira.build_jira, red.dm.proc_jira_loads.main)",
    "Frequency": "daily",
    "ProcessType": "inboundloads",
    "ErrorEmailTo": "Vijay.Maddipatla@lexisnexisrisk.com,christopher.weaver@lexisnexisrisk.com,FiDOCoreTeam@lexisnexisrisk.com",
    "adhoc_despray": "jira",
    "clustername": "FidoVMAzure",
    "maxCsvRowSizeMb": "1000"
  },
  
	{
    "Source": "world_compliance",
    "AttributeToCall": "red.source.world_compliance.build_wc",
    "Frequency": "monthly",
    "ProcessType": "inboundloads",
    "ErrorEmailTo": "Vijay.Maddipatla@lexisnexisrisk.com,FiDOCoreTeam@lexisnexisrisk.com",
    "adhoc_despray": "world_compliance"
  },
  {
    "Source": "Bridger",
    "AttributeToCall": "red.source.Bridger.build_Bridger",
    "Frequency": "monthly",
    "ProcessType": "inboundloads",
    "ErrorEmailTo": "Vijay.Maddipatla@lexisnexisrisk.com"
  },
	{
    "Source": "promrsk",
    "AttributeToCall": "SEQUENTIAL(red.source.promrsk.build_promrsk, red.dm.proc_promrsk_loads.main)",
    "Frequency": "daily",
    "ProcessType": "inboundloads" ,
    "ErrorEmailTo": "Vijay.Maddipatla@lexisnexisrisk.com",
    "adhoc_despray": "promrsk",
    "clustername": "FidoVMAzure"
  },
  {
    "Source": "r3batch",
    "AttributeToCall": "red.source.billing.r3batch.build_r3batch",
    "Frequency": "daily",
    "ProcessType": "inboundloads"
  },
  {
    "Source": "risk_metrics",
    "AttributeToCall": "sequential(red.source.risk_metrics.build_risk_metrics,red.dm.proc_risk_metrics_despray)",
    "Frequency": "daily",
    "ProcessType": "fromHPCC",
    "adhoc_despray": "risk_metrics"
  },
  {
    "Source": "rules",
    "AttributeToCall": "red.source.rules.build_rules",
    "Frequency": "daily",
	"ProcessType": "inboundloads",
    "preProcess": "import rules_pull;rules_pull.pull_all_files()",
	"maxCsvRowSizeMb": "1000"
  },
  {
    "Source": "rules",
    "AttributeToCall": "red.source.rules.build_weekly",
    "Frequency": "weekly",
	"ProcessType": "fromHPCC",
    "WhenParam": "rules Daily Build for $today is completed",
    "maxCsvRowSizeMb": "1000"
  },
  {
    "Source": "adpf",
    "AttributeToCall": "red.dm.proc_adpf_despray",
    "Frequency": "daily",
	"ProcessType": "fromHPCC",
	"adhoc_despray": "adpf",
    "WhenParam": "rules Daily Build for $today is completed"
  },
  {
    "Source": "commercial_adpf",
    "AttributeToCall": "red.dm.proc_commercial_adpf_despray",
    "Frequency": "daily",
	"ProcessType": "fromHPCC",
	"adhoc_despray": "commercial_adpf",
    "WhenParam": "rules Daily Build for $today is completed"
  },
  {
    "Source": "ldpf",
    "AttributeToCall": "red.dm.proc_ldpf_despray",
    "Frequency": "daily",
	"ProcessType": "fromHPCC",
	"adhoc_despray": "ldpf",
    "WhenParam": "rules Daily Build for $today is completed"
  },
  {
    "Source": "claims_datafill",
    "AttributeToCall": "red.dm.proc_claims_datafill_despray",
    "Frequency": "daily",
	"ProcessType": "fromHPCC",
	"adhoc_despray": "claims_datafill",
    "WhenParam": "rules Daily Build for $today is completed"
  },
  {
    "Source": "safety_recall",
    "AttributeToCall": "sequential(red.source.connected_cars.safety_recall.build_safety_recall,red.dm.proc_safety_recall_despray)",
    "Frequency": "daily",
    "ProcessType": "fromHPCC",
    "adhoc_despray": "safety_recall"
  },
  {
    "Source": "opportunity_snapshot",
    "AttributeToCall": "red.source.sie.fact_opportunity_snapshot_build",
    "Frequency": "weekly",
    "ProcessType": "fromHPCC",
    "adhoc_despray": "opportunity_snapshot"
  },
  {
    "Source": "sf_opportunity_snapshot",
    "AttributeToCall": "red.source.salesforce.fact_sf_opportunity_snapshot_build",
    "Frequency": "weekly",
    "ProcessType": "fromHPCC",
    "adhoc_despray": "sf_opportunity_snapshot",
    "clustername": "FidoVMAzure"
  },
  {
    "Source": "sie",
    "AttributeToCall": "sequential(red.source.sie.build_sie.sie_spray_stg_build, red.source.sie.build_sie.notify_stg_build_trigger, red.source.sie.build_sie.sie_dim_fact_build)",
    "Frequency": "daily",
    "ProcessType": "inboundloads",
    "wu_priority" : "'high'",
    "WaitFor": {
      "File": "sie_alldone_$today.txt",
      "WaitForMinutes": {
        "Default" : "45",
        "Saturday": "90"
      }
    },
   "ErrorEmailTo": "jacob.pellock@lexisnexisrisk.com, raju.nagarajan@lexisnexisrisk.com, RAVIKUMAR.KRISHNAN@lexisnexisrisk.com, Sumit.Srivastava@lexisnexisrisk.com, tessa.turner@lexisnexisrisk.com, Ris-glonoc@risk.lexisnexis.com, George.Triarhos@lexisnexisrisk.com, David.Lenz@lexisnexisrisk.com, davelenz@gmail.com, Whitney.Batt@lexisnexisrisk.com, Joel.Lytle@lexisnexisrisk.com, Ben.Westerby@lexisnexisrisk.com ,vijay.maddipatla@lexisnexisrisk.com"
  },
  {
    "Source": "salesforce",
    "AttributeToCall": "red.source.salesforce.build_salesforce",
    "Frequency": "daily",
    "ProcessType": "inboundloads",
    "preProcess" : "import salesforce_cleanup; salesforce_cleanup.pull_files();",
    "wu_priority" : "'high'",
    "WaitFor": {
      "File": "_getRequiredFiles",
      "WaitForMinutes": {
        "Default" : "240"
      },
      "WaitCycleSeconds": "600",
      "EmailAfterMinutes": "45",
      "EmailAttempt": "4"
    },
   "ErrorEmailTo": "FiDOCoreTeam@lexisnexisrisk.com,erin.pasch@lexisnexisrisk.com,ris-glonoc@lexisnexisrisk.com",
   "SuccessEmailTo": "FiDOCoreTeam@lexisnexisrisk.com,erin.pasch@lexisnexisrisk.com"
  },
  {
    "Source": "salesforce_despray",
    "AttributeToCall": "red.dm.proc_despray_salesforce.main",
    "Frequency": "daily",
    "ProcessType": "fromHPCC",
	  "adhoc_despray": "salesforce",
    "wu_priority" : "'high'",
   "ErrorEmailTo": "FiDOCoreTeam@lexisnexisrisk.com,erin.pasch@lexisnexisrisk.com,ris-glonoc@lexisnexisrisk.com",
   "SuccessEmailTo": "FiDOCoreTeam@lexisnexisrisk.com,erin.pasch@lexisnexisrisk.com",
   "WhenParam": "salesforce Daily Build for $today is completed"
  },
  {
  "Source": "salesforce_sagestream",
  "AttributeToCall": "sequential(red.source.salesforce_sagestream.build_salesforce_sagestream,red.dm.lookup_salesforce_sagestream.despray)",
  "Frequency": "daily",
  "ProcessType": "inboundloads",
  "adhoc_despray": "salesforce_sagestream",
  "preProcess" : "import salesforce_sagestream_cleanup; salesforce_sagestream_cleanup.pull_files();",
  "WaitFor": {
    "File": "PipelineRunStat_$today.csv",
    "WaitForMinutes": {
      "Default" : "45",
      "Saturday": "90"
    }
  },
 "ErrorEmailTo": "George.Triarhos@lexisnexisrisk.com"
},
  {
    "Source": "lp_suppression_extract",
    "AttributeToCall": "red.extract.marketing.dnc_eloqua_extract",
    "Frequency": "daily",
    "ProcessType": "fromHPCC"
  },
  {
    "Source": "build_insurance_report_code_alert",
    "AttributeToCall": "red.alerts.build_stg.build_insurance_report_code_alert_stg",
    "Frequency": "weekly",
    "ProcessType": "fromHPCC"
  },
  {
    "Source": "opt_in_eloqua_extract",
    "AttributeToCall": "red.extract.marketing.opt_in_eloqua_extract",
    "Frequency": "daily",
    "ProcessType": "fromHPCC"
  },
  {
    "Source": "combo_vertical",
    "AttributeToCall": "red.extract.call_4yrs_essbase_fido_ins_rev_load.generateFile",
    "Frequency": "weekly",
    "ProcessType": "fromHPCC"
  },
  {
    "Source": "dayton_lexis_advance",
    "AttributeToCall": "red.source.billing.dayton_lexis_advance.build_dayton_lexis_advance",
    "Frequency": "daily",
    "ProcessType": "inboundloads"   
  },
  {
    "Source": "dayton_lexis_advance",
    "AttributeToCall": "red.source.billing.dayton_lexis_advance.build_dayton_lexis_advance",
    "Frequency": "monthly",
    "wu_priority" : "'high'",
    "ProcessType": "inboundloads"   
  },
  {
   "Source": "customer_test",
   "AttributeToCall": "sequential(red.source.customer_test.build_customer_test, red.dm.proc_customer_test_despray.main)",
   "Frequency": "daily",
   "ErrorEmailTo": "raja.sundarrajan@lexisnexisrisk.com,FiDOCoreTeam@lexisnexisrisk.com",
   "ProcessType": "inboundloads",
   "adhoc_despray" : "customer_test"
 },
  {
    "Source": "birch",
    "AttributeToCall": "red.source.birch.build_birch",
    "Frequency": "daily",
    "ProcessType": "inboundloads"   
  },
  {
     "Source": "ins_revenue",
     "AttributeToCall": "red.dm.proc_fact_ins_revenue_build",
     "Frequency": "daily",
     "ProcessType": "fromHPCC",
     "wu_priority" : "'high'",
     "adhoc_despray": "INS_REVENUE"    
  },
  {
    "Source": "linkedin",
    "AttributeToCall": "red.source.linkedin.build_linkedin",
    "Frequency": "daily",
    "ErrorEmailTo": "darrin.crawford@lexisnexisrisk.com,Patrick.Selby@lexisnexisrisk.com",
    "ProcessType": "inboundloads"
 },
 {
  "Source": "clarizen",
  "AttributeToCall": "red.source.clarizen.build_clarizen",
  "Frequency": "daily",
  "ErrorEmailTo": "George.Triarhos@lexisnexisrisk.com ,Jacari.Witchard@lexisnexisrisk.com,Ed.Dierker@lexisnexisrisk.com",
  "ProcessType": "inboundloads"    
},
{
  "Source": "despray_midday_dims",
  "AttributeToCall": "sequential(red.dm.proc_midday_despray.config_name_value_build, red.dm.proc_midday_despray.dims)",
  "Frequency": "daily",
  "ProcessType": "fromHPCC",
  "adhoc_despray" : "midday",
  "wu_priority" : "'high'",
  "WhenParam": "mbsi_revenue Daily Build for $today is completed"
},
{
  "Source": "despray_midday_ins_revenue_cm_pm1",
  "AttributeToCall": "#STORED('agg_cm_pm','TRUE');red.dm.proc_fact_ins_revenue_build_cm_pm.load_essbase_inc_growths",
  "Frequency": "daily",
  "ProcessType": "fromHPCC",
  "adhoc_despray" : "midday",
  "wu_priority" : "'high'",
  "WhenParam": "mbsi_revenue Daily Build for $today is completed"
},
{
  "Source": "despray_midday_dims",
  "AttributeToCall": "sequential(red.dm.proc_midday_despray.config_name_value_build, red.dm.proc_midday_despray.dims)",
  "Frequency": "monthly",
  "ProcessType": "fromHPCC",
  "adhoc_despray" : "midday_monthly",
  "wu_priority" : "'high'",
  "WhenParam": "mbsi_revenue Monthly Build for $buildmonth is completed"
},
{
  "Source": "despray_midday_ins_revenue_cm_pm1",
  "AttributeToCall": "#STORED('agg_cm_pm','TRUE');red.dm.proc_fact_ins_revenue_build_cm_pm.load_essbase_inc_growths",
  "Frequency": "monthly",
  "ProcessType": "fromHPCC",
  "adhoc_despray" : "midday_monthly",
  "wu_priority" : "'high'",
  "WhenParam": "mbsi_revenue Monthly Build for $buildmonth is completed"
},
{
  "Source": "despray_midday_ins_revenue_cm_pm2",
  "AttributeToCall": "#STORED('agg_cm_pm','TRUE');red.dm.proc_fact_ins_revenue_build_cm_pm.ins_revenue_cm_pm_gen_despray",
  "Frequency": "daily",
  "ProcessType": "fromHPCC",
  "adhoc_despray" : "midday",
  "wu_priority" : "'high'",
  "WhenParam": "despray_midday_ins_revenue_cm_pm1 Daily Build for $today is completed"
},
{
  "Source": "despray_midday_ins_revenue_cm_pm3",
  "AttributeToCall": "#STORED('agg_cm_pm','TRUE');sequential(red.dm.proc_fact_ins_revenue_build_cm_pm.ins_revenue_agg_gen_despray,red.dm.proc_fact_ins_revenue_build_cm_pm.load_essbase_lite_ins_growth )",
  "Frequency": "daily",
  "ProcessType": "fromHPCC",
  "adhoc_despray" : "midday",
  "wu_priority" : "'high'",
  "WhenParam": "despray_midday_ins_revenue_cm_pm2 Daily Build for $today is completed"
},
{
  "Source": "despray_midday_ins_revenue_cm_pm2",
  "AttributeToCall": "#STORED('agg_cm_pm','TRUE');red.dm.proc_fact_ins_revenue_build_cm_pm.ins_revenue_cm_pm_gen_despray",
  "Frequency": "monthly",
  "ProcessType": "fromHPCC",
  "adhoc_despray" : "midday_monthly",
  "wu_priority" : "'high'",
  "WhenParam": "despray_midday_ins_revenue_cm_pm1 Monthly Build for $buildmonth is completed"
},
{
  "Source": "despray_midday_ins_revenue_cm_pm3",
  "AttributeToCall": "#STORED('agg_cm_pm','TRUE');sequential(red.dm.proc_fact_ins_revenue_build_cm_pm.ins_revenue_agg_gen_despray,red.dm.proc_fact_ins_revenue_build_cm_pm.load_essbase_lite_ins_growth )",
  "Frequency": "monthly",
  "ProcessType": "fromHPCC",
  "adhoc_despray" : "midday_monthly",
  "wu_priority" : "'high'",
  "WhenParam": "despray_midday_ins_revenue_cm_pm2 Monthly Build for $buildmonth is completed"
},
{
  "Source": "despray_midday_agg",
  "AttributeToCall": "red.dm.proc_midday_despray.agg_build",
  "Frequency": "daily",
  "ProcessType": "fromHPCC",
  "adhoc_despray" : "midday",
  "wu_priority" : "'high'",
  "WhenParam": "mbsi_revenue Daily Build for $today is completed"
},
{
  "Source": "despray_midday_facts",
  "AttributeToCall": "red.dm.proc_midday_despray.facts",
  "Frequency": "daily",
  "ProcessType": "fromHPCC",
  "adhoc_despray" : "midday",
  "wu_priority" : "'high'",
  "WhenParam": "mbsi_revenue Daily Build for $today is completed"
},
{
  "Source": "despray_midday_agg",
  "AttributeToCall": "red.dm.proc_midday_despray.agg_build",
  "Frequency": "monthly",
  "ProcessType": "fromHPCC",
  "adhoc_despray" : "midday_monthly",
  "wu_priority" : "'high'",
  "WhenParam": "mbsi_revenue Monthly Build for $buildmonth is completed"
},
{
  "Source": "despray_midday_facts",
  "AttributeToCall": "red.dm.proc_midday_despray.facts",
  "Frequency": "monthly",
  "ProcessType": "fromHPCC",
  "adhoc_despray" : "midday_monthly",
  "wu_priority" : "'high'",
  "WhenParam": "mbsi_revenue Monthly Build for $buildmonth is completed"
},
{
  "Source": "despray_am_facts",
  "AttributeToCall": "red.dm.proc_am_loads.facts",
  "Frequency": "daily",
  "ProcessType": "fromHPCC",
  "wu_priority" : "'high'",
  "adhoc_despray" : "AM"
},
{
  "Source": "despray_am_lookups",
  "AttributeToCall": "red.dm.proc_am_loads.lookup_files",
  "Frequency": "daily",
  "ProcessType": "fromHPCC",
  "adhoc_despray" : "AM"
},
{
  "Source": "despray_am_extracts",
  "AttributeToCall": "red.dm.proc_am_loads.generate_extracts",
  "Frequency": "daily",
  "ProcessType": "fromHPCC",
  "wu_priority" : "'high'",
  "adhoc_despray" : "AM"
},
{
  "Source": "despray_am_agg",
  "AttributeToCall": "red.dm.proc_am_agg_build",
  "Frequency": "daily",
  "ProcessType": "fromHPCC",
  "wu_priority" : "'high'",
  "adhoc_despray" : "AM_AGG"
},
{
  "Source": "despray_am_dims",
  "AttributeToCall": "parallel(red.dm.proc_am_loads.dims, red.dm.proc_am_loads.config)",
  "Frequency": "daily",
  "ProcessType": "fromHPCC",
  "wu_priority" : "'high'",
  "adhoc_despray" : "AM"
},
{
  "Source": "despray_crm_facts",
  "AttributeToCall": "red.dm.proc_despray_crm.facts",
  "Frequency": "daily",
  "ProcessType": "fromHPCC",
  "adhoc_despray" : "crm",
  "WhenParam"    : "sie Daily Build for $today is completed"
},
{
  "Source": "despray_salesforce_dims",
  "AttributeToCall": "red.dm.proc_despray_salesforce.dims",
  "Frequency": "daily",
  "ProcessType": "fromHPCC",
  "adhoc_despray" : "salesforce",
  "WhenParam"    : "salesforce Daily Build for $today is completed"
},
{
  "Source": "despray_salesforce_facts",
  "AttributeToCall": "red.dm.proc_despray_salesforce.facts",
  "Frequency": "daily",
  "ProcessType": "fromHPCC",
  "adhoc_despray" : "salesforce",
  "WhenParam"    : "salesforce Daily Build for $today is completed"
},
{
  "Source": "contact",
  "AttributeToCall": "red.dm.proc_despray_crm.generate_despray_dim_contact",
  "Frequency": "daily",
  "ProcessType": "fromHPCC",
  "adhoc_despray" : "contact",
  "WhenParam"    : "eloqua Daily Build for $today is completed"
},
{
  "Source": "marketing_contact_master",
  "AttributeToCall": "red.dm.proc_despray_crm.generate_despray_dim_contact_master",
  "Frequency": "daily",
  "ProcessType": "fromHPCC",
  "adhoc_despray" : "marketing_contact",
  "WhenParam"    : "contact Daily Build for $today is completed"
},
{
  "Source": "marketing_contact_tables",
  "AttributeToCall": "red.dm.proc_despray_crm.generate_despray_contact_tables",
  "Frequency": "daily",
  "ProcessType": "fromHPCC",
  "adhoc_despray" : "marketing_contact",
  "WhenParam"    : "marketing_contact_master Daily Build for $today is completed"
},
{
  "Source": "despray_crm_dims",
  "AttributeToCall": "red.dm.proc_despray_crm.dims",
  "Frequency": "daily",
  "ProcessType": "fromHPCC",
  "adhoc_despray" : "crm",
  "WhenParam"    : "sie Daily Build for $today is completed"
},
{
  "Source": "despray_endofday_facts",
  "AttributeToCall": "red.dm.proc_endofday.nightly_facts",
  "Frequency": "daily",
  "ProcessType": "fromHPCC",
  "wu_priority" : "'high'",
  "adhoc_despray" : "ENDOFDAY"
},
{
  "Source": "despray_endofday_insurance_alerts",
  "AttributeToCall": "red.dm.proc_insurance_alerts.main",
  "Frequency": "daily",
  "ProcessType": "fromHPCC",
  "adhoc_despray" : "ENDOFDAY_INS_ALERTS",
  "WhenParam"    : "despray_endofday_config Daily Build for $today is completed"
},
{
  "Source": "despray_endofday_extracts",
  "AttributeToCall": "red.dm.proc_endofday.generateExtract",
  "Frequency": "daily",
  "ProcessType": "fromHPCC",
  "wu_priority" : "'high'",
  "adhoc_despray" : "ENDOFDAY"
},
{
  "Source": "despray_endofday_dims",
  "AttributeToCall": "red.dm.proc_endofday.nightly_dims",
  "Frequency": "daily",
  "ProcessType": "fromHPCC",
  "wu_priority" : "'high'",
  "adhoc_despray" : "ENDOFDAY"
},
{
  "Source": "despray_endofday_config",
  "AttributeToCall": "red.dm.proc_endofday.config_build_despray",
  "Frequency": "daily",
  "ProcessType": "fromHPCC",
  "wu_priority" : "'high'",
  "adhoc_despray" : "ENDOFDAY"
},
{
  "Source": "despray_endofday_agg",
  "AttributeToCall": "red.dm.proc_endofday_agg_essbase_build.agg_build",
  "Frequency": "daily",
  "ProcessType": "fromHPCC",
  "wu_priority" : "'high'",
  "adhoc_despray" : "ENDOFDAY"
},
{
  "Source": "ins_resptime_logs",
  "AttributeToCall": "sequential(red.source.ins_resptime_logs.build_ins_resptime_logs, red.dm.proc_ins_resptime_despray)",
  "Frequency": "daily",
  "ProcessType": "inboundloads",
  "adhoc_despray" : "ins_resptime_logs",
  "WaitFor": {
    "File": "_getRequiredFiles",
    "WaitForMinutes": {
      "Default" : "30"
    },
    "WaitCycleSeconds": "600",
    "EmailAfterMinutes": "10",
    "EmailAttempt": "3"
  }
},
{
  "Source": "ins_resptime_logs_dr",
  "AttributeToCall": "sequential(red.source.ins_resptime_logs_dr.build_ins_resptime_logs_dr, red.dm.proc_ins_resptime_logs_dr_despray)",
  "Frequency": "daily",
  "ProcessType": "inboundloads",
  "adhoc_despray" : "ins_resptime_logs_dr",
  "WhenParam": "ins_resptime_logs Daily Build for $today is completed"
},
{
  "Source": "ins_resptime_logs_tss_transtat_summary",
  "AttributeToCall": "sequential(red.source.ins_resptime_logs.build_ins_resptime_logs_tss_transtat_summary, red.dm.proc_ins_resptime_summary_despray)",
  "Frequency": "monthly",
  "ProcessType": "fromHPCC",
  "adhoc_despray" : "ins_resptime_logs_tss_transtat_summary",
  "WhenParam": "ins_resptime_logs Daily Build for $today is completed"
},
{
  "Source": "despray_mvr_facts",
  "AttributeToCall": "red.dm.proc_despray_mbsi_mvr.facts",
  "Frequency": "daily",
  "ProcessType": "fromHPCC",
  "adhoc_despray" : "mvr",
  "WhenParam"    : "mbsi_mvr Daily Build for $today is completed"
},
{
  "Source": "despray_mvr_extracts",
  "AttributeToCall": "red.dm.proc_despray_mbsi_mvr.generate_extracts",
  "Frequency": "daily",
  "ProcessType": "fromHPCC",
  "adhoc_despray" : "mvr",
  "WhenParam"    : "mbsi_mvr Daily Build for $today is completed"
},
{
  "Source": "despray_mvr_dims",
  "AttributeToCall": "red.dm.proc_despray_mbsi_mvr.dims",
  "Frequency": "daily",
  "ProcessType": "fromHPCC",
  "adhoc_despray" : "mvr",
  "WhenParam"    : "mbsi_mvr Daily Build for $today is completed"
},
{
  "Source": "sls_cube_data_essbase_extract",
  "AttributeToCall": "red.extract.essbase_load_build_despray.sls_cube_data",
  "Frequency": "daily",
  "wu_priority" : "'high'",
  "ProcessType": "fromHPCC"
},
{
  "Source": "ins_cube_data_essbase_extract",
  "AttributeToCall": "red.extract.essbase_load_build_despray.ins_cube_data",
  "Frequency": "daily",
  "ProcessType": "fromHPCC"
},

{
  "Source": "other_cubes_data_essbase_extract",
  "AttributeToCall": "red.extract.essbase_load_build_despray.other_cubes_data",
  "Frequency": "daily",
  "ProcessType": "fromHPCC"
},
{
  "Source": "ins_product_ops_data_essbase_extract",
  "AttributeToCall": "red.extract.essbase_load_build_despray.ins_product_ops_data",
  "Frequency": "daily",
  "ProcessType": "fromHPCC"
},
{
  "Source": "ins_incremental_data_essbase_extract",
  "AttributeToCall": "red.extract.essbase_load_build_despray.ins_incremental_data",
  "Frequency": "daily",
  "ProcessType": "fromHPCC"
},
{
  "Source": "govt_tier",
  "AttributeToCall": "red.extract.govt_tier.build_govt_tier",
  "Frequency": "daily",
  "ProcessType": "fromHPCC"
},
{
  "Source": "life_risk_classifier",
  "AttributeToCall": "sequential(red.source.life_risk_classifier.build_life_risk_classifier,red.dm.proc_life_risk_classifier_despray)",
  "Frequency": "daily",
  "ProcessType": "fromHPCC",
  "adhoc_despray": "life_risk_classifier",
  "clustername": "FidoVMAzure"
},
{  
  "Source": "marketing_forecast",  
  "AttributeToCall": "red.source.marketing_forecast.proc_despray_weekly.generate_despray_lead_fcst",  
  "Frequency": "weekly",  
  "ProcessType": "fromHPCC",  
  "WhenParam"    : "eloqua Daily Build for $today is completed"
},
{
  "Source": "marketing_forecast_results",
  "AttributeToCall": "red.source.marketing_forecast.build_marketing_forecast",
  "Frequency": "weekly",
  "ProcessType": "inboundloads"
},
{
  "Source": "claim_compass",
  "AttributeToCall": "sequential(red.source.claim_compass_attributes.build_claim_compass_attributes ,red.dm.proc_claim_compass_attributes_despray)",
  "Frequency": "monthly",
  "ProcessType": "fromHPCC",
  "adhoc_despray": "claim_compass"
},
{
  "Source": "insurance_payment_history",
  "AttributeToCall": "sequential(red.source.insurance_payment_history.build_iph,red.dm.proc_iph_despray.main)",
  "Frequency": "monthly",
  "ProcessType": "fromHPCC",
  "adhoc_despray": "insurance_payment_history"
},
{
  "Source": "mbs_dashboard",
  "adhoc_despray": "mbs_dashboard",
  "AttributeToCall": "SEQUENTIAL(#STORED('soapenv','prod');#STORED('dash_status','running');red.source.billing.mbsi.build_dashboard)",
  "Frequency": "daily",
  "ProcessType": "fromHPCC",
  "wu_priority" : "'high'",
  "WhenParam": "mbsi_revenue Daily stgBuild for $today is completed"
},
{
  "Source": "mbs_dashboard",
  "adhoc_despray": "mbs_dashboard",
  "AttributeToCall": "SEQUENTIAL(#STORED('soapenv','prod');#STORED('dash_status','running');red.source.billing.mbsi.build_dashboard)",
  "Frequency": "monthly",
  "ProcessType": "fromHPCC",
  "wu_priority" : "'high'",
  "WhenParam": "mbsi_revenue Monthly stgBuild for $buildmonth is completed"
},
{
  "Source" : "INS_RESPTIME_LOGS_ALERTS",
  "AttributeToCall":"sequential(red.source.ins_resptime_logs.build_ins_resptime_logs_alerts, red.dm.proc_ins_resptime_alerts_despray)",
  "Frequency" : "daily",
  "ProcessType" :"fromHPCC",
  "adhoc_despray" : "INS_RESPTIME_LOGS_ALERTS",
  "WhenParam": "ins_resptime_logs Daily Build for $today is completed"
},
{
  "Source": "rules_framework",
  "AttributeToCall": "red.dm.proc_rules_framework_despray",
  "Frequency": "daily",
"ProcessType": "fromHPCC",
"adhoc_despray": "rules_framework",
  "WhenParam": "rules Daily Build for $today is completed"
},
{
  "Source": "rbi_eloqua",
  "AttributeToCall": "red.source.rbi_eloqua.build_rbi_eloqua",
  "Frequency": "daily",
  "ErrorEmailTo": "George.Triarhos@lexisnexisrisk.com",
  "ProcessType": "inboundloads"
},
{
  "Source": "dpa_internal_systems",
  "AttributeToCall": "red.source.dpa_internal_systems.build_dpa_internal_systems",
  "Frequency": "daily",
  "ErrorEmailTo": "George.Triarhos@lexisnexisrisk.com",
  "ProcessType": "inboundloads"
},
{
  "Source": "flyreel",
  "AttributeToCall": "red.source.flyreel.build_flyreel",
  "Frequency": "daily",
  "ErrorEmailTo": "FiDOCoreTeam@lexisnexisrisk.com,fido.operations@lexisnexisrisk.com",
  "ProcessType": "inboundloads"
},
{
  "Source": "ccpa",
  "AttributeToCall": "red.source.ccpa.build_ccpa",
  "Frequency": "daily",
  "ErrorEmailTo": "George.Triarhos@lexisnexisrisk.com",
  "ProcessType": "inboundloads"
},
{
  "Source": "compliance_ccpa",
  "AttributeToCall": "red.compliance.ccpa.process_ccpa",
  "Frequency": "daily",
  "ProcessType": "fromHPCC"
},
{
  "Source": "compliance_dpa",
  "AttributeToCall": "red.compliance.dpa.corrections.call_process",
  "Frequency": "daily",
  "ProcessType": "fromHPCC"
},
{
  "Source": "ins_recon",
  "AttributeToCall": "SEQUENTIAL(red.source.ins_recon.build_ins_recon, red.dm.proc_ins_recon_despray.main)",
  "Frequency": "daily",
  "ProcessType": "inboundloads",  
  "preProcess" : "import pre_ins_recon; pre_ins_recon.process();",
  "wu_priority" : "'high'",
  "adhoc_despray": "ins_recon",
  "ErrorEmailTo": "lynn.osinski@lexisnexisrisk.com,masterfileauditteam@risk.lexisnexis.com,cynthia.lunsford@relx.com,jimmie.turnage@relx.com,FiDOCoreTeam@lexisnexisrisk.com",
  "SuccessEmailTo": "lynn.osinski@lexisnexisrisk.com,masterfileauditteam@risk.lexisnexis.com,cynthia.lunsford@relx.com,jimmie.turnage@relx.com,FiDOCoreTeam@lexisnexisrisk.com",
  "clustername": "FidoVMAzure" 
},

{
  "Source": "govt_customer_segmentation",
  "AttributeToCall": "red.source.billing.govt_customer_segmentation.build_govt_customer_segmentation",
  "Frequency": "daily",
  "ProcessType": "fromHPCC"
},
{
  "Source": "weekly_release_adhoc_despray",
  "AttributeToCall": "output('weekly_release_adhoc_despray')",
  "Frequency": "weekly",
  "adhoc_despray" :"thursday_hold",
  "ProcessType": "fromHPCC",
  "wu_priority" : "'high'",
  "clustername": "HPCCProd"
},
{
  "Source": "despray_auto_generate",
  "AttributeToCall": "output('despray_auto_generate')",
  "Frequency": "daily",
  "adhoc_despray" :"auto_generate",
  "ProcessType": "fromHPCC",
  "wu_priority" : "'high'",
  "clustername": "HPCCProd"
},
{
  "Source": "weekly_release_adhoc_despray_headers_only",
  "AttributeToCall": "output('weekly_release_adhoc_despray_headers_only')",
  "Frequency": "weekly",
  "adhoc_despray" :"thursday_hold",
  "ProcessType": "fromHPCC",
  "wu_priority" : "'high'",
  "clustername": "HPCCProd"
},
{
  "Source": "text_for_quote",
  "AttributeToCall": "red.source.text_for_quote.build_text_for_quote",
  "Frequency": "daily",
  "ProcessType": "inboundloads"
},
{
  "Source": "asr",
  "AttributeToCall": "sequential(red.source.asr.build_asr,red.dm.proc_asr_despray)",
  "Frequency": "daily",
  "ProcessType": "fromHPCC",
  "adhoc_despray" :"asr",
  "clustername": "FidoVMAzure"

},
{
  "Source": "life_data_prefill",
  "AttributeToCall": "sequential(red.source.life_data_prefill.build_life_data_prefill,red.dm.proc_life_data_prefill_despray)",
  "Frequency": "daily",
  "ProcessType": "fromHPCC",
  "adhoc_despray": "life_data_prefill"
},
{
  "Source": "life_risk_classifier_batch",
  "AttributeToCall": "sequential(red.source.life_risk_classifier.batch.build_life_risk_classifier_batch,red.dm.proc_life_risk_classifier_batch_despray)",
  "Frequency": "monthly",
  "ProcessType": "fromHPCC",
  "adhoc_despray": "life_risk_classifier_batch"
},
{
  "Source": "active_insights_drv_renewal",
  "AttributeToCall": "sequential(red.source.active_insights.driver_monitor.build_drv_renewal, red.dm.proc_active_insight_despray)",
  "Frequency": "monthly",
  "ProcessType": "fromHPCC",
  "adhoc_despray": "active_insights_drv_renewal"
},
{
  "Source": "scout_riskwise",
  "AttributeToCall": "sequential(red.source.scout.reports.build_scout_riskwise_report, red.dm.fact_scout_riskwise.despray)",
  "Frequency": "weekly",
  "ProcessType": "fromHPCC",
  "adhoc_despray": "scout_riskwise"
},
{
  "Source": "infosec",
  "AttributeToCall": "SEQUENTIAL(red.source.infosec.build_infosec_vuln_objects, red.dm.proc_infosec_despray.main)",
  "Frequency": "daily",
  "ProcessType": "inboundloads",
  "adhoc_despray": "infosec"
},
{
  "Source": "vault_pbi",
  "AttributeToCall": "output('Four Vault files are being deprayed into prod sql/dm/vault_pbi folder by the Vauly team')",
  "Frequency": "weekly",
  "ProcessType": "fromHPCC",
  "adhoc_despray": "vault_pbi"
},
{  "Source": "telematics_owner_check",
  "AttributeToCall": "sequential(red.source.telematics_owner_check.build_telematics_owner_check, red.dm.proc_telematics_owner_check_despray)",
  "Frequency": "daily",
  "ProcessType": "fromHPCC",
  "adhoc_despray": "telematics_owner_check"
},
{  "Source": "shopping_activity",
  "AttributeToCall": "sequential(red.source.shopping_activity.build_shopping_activity, red.dm.proc_shopping_activity_despray)",
  "Frequency": "daily",
  "ProcessType": "fromHPCC",
  "adhoc_despray": "shopping_activity"
},
{
  "Source": "mbs_tmx",
  "AttributeToCall": "SEQUENTIAL(red.source.billing.mbs_tmx.build_tmx_update_apis, red.dm.proc_tmx_despray)",
  "Frequency": "daily",
  "ProcessType": "inboundloads",
  "adhoc_despray": "mbs_tmx",
  "clustername": "FidoVMAzure"
},
{
  "Source": "imi_config",
  "AttributeToCall": "red.source.insurance_market_insight.auto.extract.build_mbsi_login_extract",
  "Frequency": "daily",
  "ProcessType": "fromHPCC",
  "adhoc_despray": "imi_config",
  "ErrorEmailTo": "Ryan.Hupp@lexisnexisrisk.com,James.Shelton@lexisnexisrisk.com,Jonnathan.Palacios@lexisnexisrisk.com,FiDOCoreTeam@lexisnexisrisk.com",
  "SuccessEmailTo": "Ryan.Hupp@lexisnexisrisk.com,James.Shelton@lexisnexisrisk.com,Jonnathan.Palacios@lexisnexisrisk.com,FiDOCoreTeam@lexisnexisrisk.com",
  "clustername":"HPCChthor"
},
{
  "Source": "imi",
  "AttributeToCall": "SEQUENTIAL(red.source.insurance_market_insight.auto.build_trends_and_benchmark, red.dm.proc_imi_despray)",
  "Frequency": "monthly",
  "ProcessType": "fromHPCC",
  "adhoc_despray": "imi",
  "ErrorEmailTo": "Ryan.Hupp@lexisnexisrisk.com,James.Shelton@lexisnexisrisk.com,Jonnathan.Palacios@lexisnexisrisk.com,FiDOCoreTeam@lexisnexisrisk.com",
  "SuccessEmailTo": "Ryan.Hupp@lexisnexisrisk.com,James.Shelton@lexisnexisrisk.com,Jonnathan.Palacios@lexisnexisrisk.com,FiDOCoreTeam@lexisnexisrisk.com",
  "clustername": "HPCCAlpha100"
},
{
  "Source": "iam",
  "AttributeToCall": "sequential(red.source.rules.build_iam ,red.dm.proc_iam_despray)",
  "Frequency": "daily",
  "ProcessType": "fromHPCC",
  "adhoc_despray": "iam",
  "WhenParam": "rules Daily Build for $today is completed"
},
{
  "Source": "innotas_analytics",
  "AttributeToCall": "sequential(red.source.innotas_analytics.build_innotas_analytics,red.source.innotas_analytics.despray_innotas_analytics.main)",
  "Frequency": "daily",
  "ProcessType": "inboundloads",
  "adhoc_despray": "innotas_analytics",
  "clustername": "FidoVMAzure",
  "WaitFor": {
    "File": "_getRequiredFiles",
    "WaitForMinutes": {
      "Default" : "30"
    },
    "WaitCycleSeconds": "600",
    "EmailAfterMinutes": "10",
    "EmailAttempt": "3"
  }
 },
 {
  "Source": "archive_job_stats",
  "AttributeToCall": "red.source.job_stats.archive_job_stats",
  "Frequency": "monthly",
  "ProcessType": "fromHPCC",
  "clustername": "FidoVMAzure"
},
{
 "Source": "mvr_audit",
 "AttributeToCall": "sequential(red.source.mvr_audit.build_mvr_audit, red.dm.lookup_mvr_audit.despray)",
 "Frequency": "daily",
 "ProcessType": "fromHPCC",
 "adhoc_despray": "mvr_audit",
 "clustername": "FidoVMAzure"
},
{
  "Source": "rooftop",
  "AttributeToCall": "sequential(red.source.rooftop.build_rooftop, red.dm.proc_rooftop_despray)",
  "Frequency": "monthly",
  "ProcessType": "fromHPCC",
  "adhoc_despray": "rooftop"
},
{
  "Source": "vinsights_management",
  "AttributeToCall": "output('vinsights_management')",
  "Frequency": "monthly",
  "ProcessType": "fromHPCC",
  "adhoc_despray": "vinsights_management",
  "WhenParam": "rules Daily Build for $today is completed"
},
{
  "Source": "vinsights_royalty",
  "AttributeToCall": "output('vinsights_royalty')",
  "Frequency": "monthly",
  "ProcessType": "fromHPCC",
  "adhoc_despray": "vinsights_royalty",
  "WhenParam": "rules Daily Build for $today is completed"
},
{
  "Source": "mbs_coplogic_extract",
  "AttributeToCall": "red.source.mbs_coplogic.extract.build_extracts.build_peoplesoft_extract",
  "Frequency": "daily",
  "ProcessType": "fromHPCC",
  "wu_priority" : "'high'"
},
{
  "Source": "master_recon",
  "AttributeToCall": "red.dm.proc_master_recon_despray",
  "Frequency": "daily",
  "ProcessType": "fromHPCC",
  "adhoc_despray" : "master_recon",
  "wu_priority" : "'high'",
  "despray_path" : "azure",
  "preProcess" : "import pull_master_recon; pull_master_recon.pull_all_files()",
  "clustername": "FidoVMAzure"
  },
 {
  "Source": "vhr_royalty",
  "AttributeToCall": "sequential(red.source.royalty.vhr.build_royalty_vhr, red.dm.proc_vhr_royalty_despray)",
  "Frequency": "monthly",
  "ProcessType": "fromHPCC",
  "adhoc_despray": "vhr_royalty",
  "WhenParam": "rules Daily Build for $today is completed"
},
{
  "Source": "manual_load_spray_validate_revenue_adjustments",
  "AttributeToCall": "red.source.billing.manual.build_validate.spray_validate_revenue_adjustment",
  "Frequency": "daily",
  "ProcessType": "fromHPCC",
  "adhoc_despray": "manual",
  "wu_priority" : "'high'"
},
{
  "Source": "manual_load_spray_validate_search_type",
  "AttributeToCall": "red.source.billing.manual.build_validate.spray_validate_search_type",
  "Frequency": "daily",
  "ProcessType": "fromHPCC",
  "adhoc_despray": "manual",
  "wu_priority" : "'high'"
},
{
  "Source": "manual_load_spray_validate_cy_vertical",
  "AttributeToCall": "red.source.billing.manual.build_validate.spray_validate_cy_vertical",
  "Frequency": "daily",
  "ProcessType": "fromHPCC",
  "adhoc_despray": "manual",
  "wu_priority" : "'high'"
},
{
  "Source": "manual_load_spray_validate_overide",
  "AttributeToCall": "red.source.billing.manual.build_validate.spray_validate_overide",
  "Frequency": "daily",
  "ProcessType": "fromHPCC",
  "adhoc_despray": "manual",
  "wu_priority" : "'high'"
},
{
  "Source": "manual_load_build_revenue_adjustments",
  "AttributeToCall": "red.source.billing.manual.build_load.build_revenue_adjustments",
  "Frequency": "daily",
  "ProcessType": "fromHPCC",
  "wu_priority" : "'high'"
},
{
  "Source": "manual_load_build_dummy_customer",
  "AttributeToCall": "red.source.billing.manual.build_load.build_dummy_customer",
  "Frequency": "daily",
  "ProcessType": "fromHPCC",
  "wu_priority" : "'high'"
},
{
  "Source": "manual_load_main_build",
  "AttributeToCall": "red.source.billing.manual.build_load.build_main_manual_load",
  "Frequency": "daily",
  "ProcessType": "fromHPCC",
  "wu_priority" : "'high'"
},
{
  "Source": "manual_load_forecast_insurance_fact_details",
  "AttributeToCall": "red.forecast.insurance.bwr_ins_forecast_fact_details",
  "Frequency": "daily",
  "ProcessType": "fromHPCC",
  "wu_priority" : "'high'"
},
{
  "Source": "manual_load_forecast_healthcare_fact_details",
  "AttributeToCall": "red.forecast.healthcare.bwr_hc_forecast_fact_details",
  "Frequency": "daily",
  "ProcessType": "fromHPCC",
  "wu_priority" : "'high'"
},
{
  "Source": "manual_load_spray_validate_forecast_bsv_fact_details",
  "AttributeToCall": "red.forecast.business_services.build_bsv_flash_forecast_details",
  "Frequency": "daily",
  "ProcessType": "fromHPCC",
  "wu_priority" : "'high'"
},
{
  "Source": "manual_load_forecast_bsv_fact_details",
  "AttributeToCall": "red.forecast.business_services.build_bsv_revenue_adjustments",
  "Frequency": "daily",
  "ProcessType": "fromHPCC",
  "wu_priority" : "'high'"
},
{
  "Source": "manual_load_vc_01_pre_build",
  "AttributeToCall": "red.source.billing.manual.build_load.build_load_vc_pre_build",
  "Frequency": "daily",
  "ProcessType": "fromHPCC",
  "adhoc_despray": "ENDOFDAY",
  "wu_priority" : "'high'"
},
{
  "Source": "manual_load_vc_02_base",
  "AttributeToCall": "red.source.billing.manual.build_load.build_load_vc_base",
  "Frequency": "daily",
  "ProcessType": "fromHPCC",
  "adhoc_despray": "ENDOFDAY",
  "wu_priority" : "'high'"
},
{
  "Source": "manual_load_vc_03_incremental_goal",
  "AttributeToCall": "red.source.billing.manual.build_load.build_load_vc_incremental_goal",
  "Frequency": "daily",
  "ProcessType": "fromHPCC",
  "adhoc_despray": "ENDOFDAY",
  "wu_priority" : "'high'"
},
{
  "Source": "manual_load_vc_04_adjustment",
  "AttributeToCall": "red.source.billing.manual.build_load.build_load_vc_adjustment",
  "Frequency": "daily",
  "ProcessType": "fromHPCC",
  "adhoc_despray": "ENDOFDAY",
  "wu_priority" : "'high'"
},
{
  "Source": "mbs_tmx_clarizen",
  "AttributeToCall": "sequential(red.source.billing.mbs_tmx_clarizen.build_tmx_clarizen_daily, red.dm.proc_despray_tmx_clarizen_daily)",
  "Frequency": "daily",
  "wu_priority" : "'high'",
  "ProcessType": "inboundloads",
  "adhoc_despray": "mbs_tmx_clarizen",
  "clustername": "FidoVMAzure",
  "WaitFor": {
    "File": "_getRequiredFiles",
    "WaitForMinutes": {
      "Default" : "60"
    },
    "WaitCycleSeconds": "600",
    "EmailAfterMinutes": "20",
    "EmailAttempt": "2"
  }
},
{
  "Source": "imi_alert",
  "AttributeToCall": "OUTPUT('IMI monthly alert triggered')",
  "Frequency": "monthly",
  "ProcessType": "fromHPCC",
  "adhoc_despray": "imi_alert",
  "preProcess": "import imi_contributory_alert;imi_contributory_alert.pull_all_data()"
},
 {
  "Source": "iid_q_a",
  "AttributeToCall": "sequential(red.source.rules.build_qa, red.dm.proc_qa_despray)",
  "Frequency": "monthly",
  "ProcessType": "fromHPCC",
  "adhoc_despray": "iid_q_a",
  "WhenParam": "rules Daily Build for $today is completed"
},

  {
    "Source": "vm_foreign_read_write_12am",
    "AttributeToCall": "red.common.vm_copy.utils.remote_copy_daily_files_12am",
    "Frequency": "daily",
    "ProcessType": "fromHPCC",
    "clustername": "FidoVMAzure"
  },
  {
    "Source": "vm_foreign_read_write_6am",
    "AttributeToCall": "red.common.vm_copy.utils.remote_copy_daily_files_6am",
    "Frequency": "daily",
    "ProcessType": "fromHPCC",
    "clustername": "FidoVMAzure"
  } ,
  {
    "Source": "vm_foreign_read_write_12pm",
    "AttributeToCall": "red.common.vm_copy.utils.remote_copy_daily_files_12pm",
    "Frequency": "daily",
    "ProcessType": "fromHPCC",
    "clustername": "FidoVMAzure"
  }  ,
  {
    "Source": "vm_foreign_read_write_6pm",
    "AttributeToCall": "red.common.vm_copy.utils.remote_copy_daily_files_6pm",
    "Frequency": "daily",
    "ProcessType": "fromHPCC",
    "clustername": "FidoVMAzure"
  },
  {
 	"Source": "mvr_quality_metrics",
 	"AttributeToCall": "sequential(red.source.mvr.mvr_quality_metrics.build_mvr_quality_metrics, red.dm.proc_mvr_quality_metrics_despray.main)",
 	"Frequency": "monthly",
 	"ProcessType": "fromHPCC",
 	"adhoc_despray": "mvr_quality_metrics"
 },
 {
  "Source": "adobe",
  "AttributeToCall": "sequential(red.source.adobe.build_adobe,red.dm.proc_adobe_despray.main)",
  "Frequency": "daily",
  "ProcessType": "inboundloads",
  "WhenParam": "eloqua Daily Build for $today is completed",
  "adhoc_despray": "adobe"
},
{
  "Source": "gtm",
  "AttributeToCall": "red.source.gtm.build_gtm",
  "Frequency": "daily",
  "ProcessType": "inboundloads",
  "preProcess": "import gtm_ppm;gtm_ppm.process()"
},
{
  "Source": "vinsights_royalty_payoff",
  "AttributeToCall": "sequential(red.source.royalty.build_royalty_vinsights_lienholder_payoff,red.dm.proc_vinsights_royalty_payoff_despray)",
  "Frequency": "monthly",
  "ProcessType": "fromHPCC",
  "adhoc_despray": "vinsights_royalty_payoff",
  "WhenParam": "rules Daily Build for $today is completed"
},
{
  "Source": "first_lender_verification",
  "AttributeToCall": "sequential(red.source.first_lender_verification.build_first_lender_verification, red.dm.proc_first_lender_verification_despray)",
  "Frequency": "monthly",
  "ProcessType": "fromHPCC",
  "adhoc_despray": "first_lender_verification"
},
  {
    "Source": "accrpt_accurint",
    "AttributeToCall": "red.source.mbs.accrpt_accurint.build_accrpt_accurint",
    "Frequency": "daily",
    "ProcessType": "inboundloads",
    "wu_priority": "'high'"
  },
  {
    "Source": "accrpt_accurint_al",
    "AttributeToCall": "red.source.mbs.accrpt_accurint_al.build_accrpt_accurint_al",
    "Frequency": "daily",
    "ProcessType": "inboundloads",
    "wu_priority": "'high'"
  },
  {
    "Source": "accrpt_accurint_al",
    "AttributeToCall": "red.source.mbs.accrpt_accurint_al.build_accrpt_accurint_al",
    "Frequency": "monthly",
    "ProcessType": "inboundloads",
    "wu_priority": "'high'"
  },
  {
    "Source": "accrpt_custom_log",
    "AttributeToCall": "red.source.mbs.accrpt_custom_log.build_accrpt_custom_log",
    "Frequency": "daily",
    "ProcessType": "inboundloads",
    "wu_priority": "'high'"
  },
  {
    "Source": "accrpt_custom_log",
    "AttributeToCall": "red.source.mbs.accrpt_custom_log.build_accrpt_custom_log",
    "Frequency": "monthly",
    "ProcessType": "inboundloads",
    "wu_priority": "'high'"
  },
  {
    "Source": "accrpt_fcra_log",
    "AttributeToCall": "red.source.mbs.accrpt_fcra_log.build_accrpt_fcra_log",
    "Frequency": "daily",
    "ProcessType": "inboundloads",
    "wu_priority": "'high'"
  },
  {
    "Source": "accrpt_fcra_log",
    "AttributeToCall": "red.source.mbs.accrpt_fcra_log.build_accrpt_fcra_log",
    "Frequency": "monthly",
    "ProcessType": "inboundloads",
    "wu_priority": "'high'"
  },
  {
    "Source": "batrpt_batch",
    "AttributeToCall": "red.source.mbs.batrpt_batch.build_batrpt_batch",
    "Frequency": "daily",
    "ProcessType": "inboundloads",
    "wu_priority": "'high'"
  },
  {
    "Source": "mbsrpt_accurint_al",
    "AttributeToCall": "red.source.mbs.mbsrpt_accurint_al.build_mbsrpt_accurint_al",
    "Frequency": "daily",
    "ProcessType": "inboundloads",
    "wu_priority": "'high'"
  },
  {
    "Source": "mbsrpt_accurint_al",
    "AttributeToCall": "red.source.mbs.mbsrpt_accurint_al.build_mbsrpt_accurint_al",
    "Frequency": "monthly",
    "ProcessType": "inboundloads",
    "wu_priority": "'high'"
  },
  {
    "Source": "mbsrpt_banko",
    "AttributeToCall": "red.source.mbs.mbsrpt_banko.build_mbsrpt_banko",
    "Frequency": "daily",
    "ProcessType": "inboundloads",
    "wu_priority": "'high'"
  },
  {
    "Source": "mbsrpt_custom_accurint_al",
    "AttributeToCall": "red.source.mbs.mbsrpt_custom_accurint_al.build_mbsrpt_custom_accurint_al",
    "Frequency": "daily",
    "ProcessType": "inboundloads",
    "wu_priority": "'high'"
  },
  {
    "Source": "mbsrpt_custom_accurint_al",
    "AttributeToCall": "red.source.mbs.mbsrpt_custom_accurint_al.build_mbsrpt_custom_accurint_al",
    "Frequency": "monthly",
    "ProcessType": "inboundloads",
    "wu_priority": "'high'"
  },
  {
    "Source": "mbsrpt_log_mbs",
    "AttributeToCall": "red.source.mbs.mbsrpt_log_mbs.build_mbsrpt_log_mbs",
    "Frequency": "daily",
    "ProcessType": "inboundloads",
    "wu_priority": "'high'"
  },
  {
    "Source": "mbsrpt_log_mbs",
    "AttributeToCall": "red.source.mbs.mbsrpt_log_mbs.build_mbsrpt_log_mbs",
    "Frequency": "monthly",
    "ProcessType": "inboundloads",
    "wu_priority": "'high'"
  },
  {
    "Source": "mbsrpt_mbs_usage",
    "AttributeToCall": "red.source.mbs.mbsrpt_mbs.build_mbsrpt_mbs.mbsrpt_mbs_daily_usage",
    "Frequency": "daily",
    "ProcessType": "inboundloads",
    "wu_priority": "'high'"
  },
  {
    "Source": "mbsrpt_mbs_usage",
    "AttributeToCall": "red.source.mbs.mbsrpt_mbs.build_mbsrpt_mbs.mbsrpt_mbs_monthly_usage",
    "Frequency": "monthly",
    "ProcessType": "inboundloads",
    "wu_priority": "'high'"
  },
  {
    "Source": "mbsrpt_mbs_ar",
    "AttributeToCall": "red.source.mbs.mbsrpt_mbs.build_mbsrpt_mbs.mbsrpt_mbs_daily_ar",
    "Frequency": "daily",
    "ProcessType": "inboundloads",
    "wu_priority": "'high'"
  },
  {
    "Source": "mbsrpt_mbs",
    "AttributeToCall": "red.source.mbs.mbsrpt_mbs.build_mbsrpt_mbs.mbsrpt_mbs_daily_other",
    "Frequency": "daily",
    "ProcessType": "inboundloads",
    "wu_priority": "'high'"
  },
  {
    "Source": "mbsrpt_mbs",
    "AttributeToCall": "red.source.mbs.mbsrpt_mbs.build_mbsrpt_mbs.mbsrpt_mbs_prefinal_monthly",
    "Frequency": "monthly",
    "ProcessType": "inboundloads",
    "wu_priority": "'high'"
  },
  {
    "Source": "mbsrpt_mbs",
    "AttributeToCall": "red.source.mbs.mbsrpt_mbs.build_mbsrpt_mbs.mbsrpt_mbs_prefinal_monthly",
    "Frequency": "prefinal",
    "ProcessType": "inboundloads",
    "wu_priority": "'high'"
  },  
  {
    "Source": "mbsrpt_mbs_audit",
    "AttributeToCall": "red.source.mbs.mbsrpt_mbs_audit.build_mbsrpt_mbs_audit",
    "Frequency": "daily",
    "ProcessType": "inboundloads",
    "wu_priority": "'high'"
  },
  {
    "Source": "mbsrpt_mbs_audit_archive",
    "AttributeToCall": "red.source.mbs.mbsrpt_mbs_audit_archive.build_mbsrpt_mbs_audit_archive",
    "Frequency": "daily",
    "ProcessType": "inboundloads",
    "wu_priority": "'high'"
  },
  {
    "Source": "mbsrpt_mbs_auth",
    "AttributeToCall": "red.source.mbs.mbsrpt_mbs_auth.build_mbsrpt_mbs_auth",
    "Frequency": "daily",
    "ProcessType": "inboundloads",
    "wu_priority": "'high'"
  },
  {
    "Source": "mbsrpt_mbs_billing_systems",
    "AttributeToCall": "red.source.mbs.mbsrpt_mbs_billing_systems.build_mbsrpt_mbs_billing_systems.mbs_billing_systems_daily_all",
    "Frequency": "daily",
    "ProcessType": "inboundloads",
    "wu_priority": "'high'"
  },
  {
    "Source": "mbsrpt_mbs_billing_systems",
    "AttributeToCall": "red.source.mbs.mbsrpt_mbs_billing_systems.build_mbsrpt_mbs_billing_systems.mbs_billing_systems_prefinal_monthly",
    "Frequency": "monthly",
    "ProcessType": "inboundloads",
    "wu_priority": "'high'"
  },
  {
    "Source": "mbsrpt_mbs_billing_systems",
    "AttributeToCall": "red.source.mbs.mbsrpt_mbs_billing_systems.build_mbsrpt_mbs_billing_systems.mbs_billing_systems_prefinal_monthly",
    "Frequency": "prefinal",
    "ProcessType": "inboundloads",
    "wu_priority": "'high'"
  },
  {
    "Source": "mbsrpt_mbs_language",
    "AttributeToCall": "red.source.mbs.mbsrpt_mbs_language.build_mbsrpt_mbs_language",
    "Frequency": "daily",
    "ProcessType": "inboundloads",
    "wu_priority": "'high'"
  },
  {
    "Source": "mbsrpt_mbs_logs",
    "AttributeToCall": "red.source.mbs.mbsrpt_mbs_logs.build_mbsrpt_mbs_logs.mbs_logs_daily_all",
    "Frequency": "daily",
    "ProcessType": "inboundloads",
    "wu_priority": "'high'"
  },
  {
    "Source": "mbsrpt_mbs_logs",
    "AttributeToCall": "red.source.mbs.mbsrpt_mbs_logs.build_mbsrpt_mbs_logs.mbs_logs_monthly",
    "Frequency": "monthly",
    "ProcessType": "inboundloads",
    "wu_priority": "'high'"
  },
  {
    "Source": "mbsrpt_mbs_pricer",
    "AttributeToCall": "red.source.mbs.mbsrpt_mbs_pricer.build_mbsrpt_mbs_pricer.mbs_pricer_daily_all",
    "Frequency": "daily",
    "ProcessType": "inboundloads",
    "wu_priority": "'high'"
  },
  {
    "Source": "mbsrpt_mbs_pricer",
    "AttributeToCall": "red.source.mbs.mbsrpt_mbs_pricer.build_mbsrpt_mbs_pricer.mbs_pricer_prefinal_monthly",
    "Frequency": "monthly",
    "ProcessType": "inboundloads",
    "wu_priority": "'high'"
  },
  {
    "Source": "mbsrpt_mbs_pricer",
    "AttributeToCall": "red.source.mbs.mbsrpt_mbs_pricer.build_mbsrpt_mbs_pricer.mbs_pricer_prefinal_monthly",
    "Frequency": "prefinal",
    "ProcessType": "inboundloads",
    "wu_priority": "'high'"
  },
  {
    "Source": "mbsrpt_mbs_sh",
    "AttributeToCall": "red.source.mbs.mbsrpt_mbs_sh.build_mbsrpt_mbs_sh",
    "Frequency": "daily",
    "ProcessType": "inboundloads",
    "wu_priority": "'high'"
  },
  {
    "Source": "mbsrpt_royalty",
    "AttributeToCall": "red.source.mbs.mbsrpt_royalty.build_mbsrpt_royalty.royalty_daily_all",
    "Frequency": "daily",
    "ProcessType": "inboundloads",
    "wu_priority": "'high'"
  },
  {
    "Source": "mbsrpt_sales_assignment",
    "AttributeToCall": "red.source.mbs.mbsrpt_sales_assignment.build_mbsrpt_sales_assignment",
    "Frequency": "daily",
    "ProcessType": "inboundloads",
    "wu_priority": "'high'"
  },
  {
    "Source": "rwsrpt_riskwise",
    "AttributeToCall": "red.source.mbs.rwsrpt_riskwise.build_rwsrpt_riskwise",
    "Frequency": "daily",
    "ProcessType": "inboundloads",
    "wu_priority": "'high'"
  },
  {
    "Source": "rwsrpt_riskwise_fcra",
    "AttributeToCall": "red.source.mbs.rwsrpt_riskwise_fcra.build_rwsrpt_riskwise_fcra",
    "Frequency": "daily",
    "ProcessType": "inboundloads",
    "wu_priority": "'high'"
  },
  {
    "Source": "rwsrpt_riskwise_fcra",
    "AttributeToCall": "red.source.mbs.rwsrpt_riskwise_fcra.build_rwsrpt_riskwise_fcra",
    "Frequency": "monthly",
    "ProcessType": "inboundloads",
    "wu_priority": "'high'"
  }
]   