[
    {
        "ALAWPSQLCL2":
        [
            {
                "sql_server" : "ALAWPSQLCL2.noam.lnrm.net",
                "port" : "50825",
                "trustedconnection" : "yes",
                "drivername" : "{ODBC Driver 17 for SQL Server}",
                "servertype" : "sqlserver"
            }
        ]
    },
    {
        "PSEMPLAUTH":
        [
            {
                "sql_server" : "PSEMPLAUTH.lexisnexis.com",    
                "port" : "1433",
                "trustedconnection" : "yes",
                "drivername" : "{ODBC Driver 17 for SQL Server}",
                "servertype" : "sqlserver"
            }
        ]
    },
    {
        "RETDAYSQLC102":
        [
            {
                "sql_server" : "RETDAYSQLC102.lexisnexis.com",
                "port" : "1433",
                "trustedconnection" : "yes",
                "drivername" : "{ODBC Driver 17 for SQL Server}",
                "servertype" : "sqlserver"
            }
        ]
    },
	{
        "RETDAYSQLP102":
        [
            {
                "sql_server" : "RETDAYSQLP102.lexisnexis.com",
                "port" : "1433",
                "trustedconnection" : "yes",
                "drivername" : "{ODBC Driver 17 for SQL Server}",
                "servertype" : "sqlserver"
            }
        ]
    },
    {
        "dbpcrurpt-ala":
        [
            {
                "sql_server": "dbpcrurpt-ala.risk.regn.net",
                "port" : "3306",
                "trustedconnection" : "yes",
                "drivername" : "MySQL ODBC 8.0 ANSI Driver",
                "servertype" : "mysql"
            }
        ]
    },
    {
        "ALAWDREDSQL201":
        [
            {
                "sql_server": "ALAWDREDSQL201",
                "port" : "50255",
                "trustedconnection" : "yes",
                "drivername" : "{ODBC Driver 17 for SQL Server}",
                "servertype" : "sqlserver"
            }
        ]
    },
    {
        "loggingintodb_old":
        [
            {
                "sql_server": "10.48.76.110",
                "port" : "",
                "trustedconnection" : "yes",
                "drivername" : "{ODBC Driver 17 for SQL Server}",
                "servertype" : "sqlserver"
            }
        ]
    },
	{
        "DEV_SQl_DB_CRED":
        [
            {
                "sql_server": "ALAWDREDSQL201",
                "port" : "50255",
                "trustedconnection" : "yes",
                "drivername" : "{ODBC Driver 17 for SQL Server}",
                "servertype" : "sqlserver"
            }
        ]
    },
    {
        "PROD_SQl_DB_CRED":
        [
            {
                "sql_server": "ALAWPREDSQLCL1\\SQLPRD01",
                "port" : "50750",
                "trustedconnection" : "yes",
                "drivername" : "{ODBC Driver 17 for SQL Server}",
                "servertype" : "sqlserver"
            }
        ]
    },
    {
        "10.48.76.110":
        [
            {
                "sql_server": "ALAWPREDSQLCL1\\SQLPRD01",
                "port" : "",
                "trustedconnection" : "yes",
                "drivername" : "{ODBC Driver 17 for SQL Server}",
                "servertype" : "sqlserver"
            }
        ]
    },
    {
        "alalprfrptsql01":
        [
            {
                "sql_server": "alalprfrptsql01.noam.lnrm.net", 
                "port" : "3306",
                "trustedconnection" : "yes",
                "drivername" : "MySQL ODBC 8.0 ANSI Driver",
                "servertype" : "mysql"
            }
        ]
    },
    {
        "alalprfrptdba02":
        [
            {
                "sql_server": "alalprfrptdba02.noam.lnrm.net", 
                "port" : "3306",
                "trustedconnection" : "yes",
                "drivername" : "MySQL ODBC 8.0 ANSI Driver",
                "servertype" : "mysql"
            }
        ]
    },
    {
        "aimbseomsqlreportvip":
        [
            {
                "sql_server": "aimbseomsqlreportvip.ap.seisint.com", 
                "port" : "3310",
                "trustedconnection" : "yes",
                "drivername" : "MySQL ODBC 8.0 ANSI Driver",
                "servertype" : "mysql"
            }
        ]
    },
    {
        "alawdredsql201.risk.regn.net":
        [
            {
                "sql_server": "alawdredsql201.risk.regn.net",
                "port" : "50255",
                "trustedconnection" : "yes",
                "drivername" : "{ODBC Driver 17 for SQL Server}",
                "servertype" : "sqlserver"
            }
        ]
    }
]