[
    {
        "Dev_Azure_Storage_BDAP_SAS":
        [
            {
                "filename" : "BDAP_Storage_SAS_dev.kdbx",
                "source" : "keepass_BDAP_dev"
            }
        ]
    },
    {
        "Prod_Azure_Storage_BDAP_SAS":
        [
            {
                "filename" : "BDAP_Storage_SAS_prod.kdbx",
                "source" : "keepass_BDAP_prod"
            }
        ]
    },

        {
            "Dev_Azure_Storage_Master_Recon_SAS":
            [
                {
                    "filename" : "FIDO_Master_Recon_Storage_SAS_dev.kdbx",
                    "source" : "keepass_Master_Recon_dev"
                    
                }
            ]
        },
        {
            "Prod_Azure_Storage_Master_Recon_SAS":
            [
                {
                    "filename" : "FIDO_Master_Recon_Storage_SAS_prod.kdbx",
                    "source" : "keepass_Master_Recon_prod"
                    
                }
            ]
        }
]