[
{"mbs_coplogic":
    [
        
        {
            "host": "bctlpaccrptsql1.noam.lnrm.net",
            "port": "22"
        },
        {
            "host": "alalpaccrptsql1.noam.lnrm.net",
			"port":"22"
		},
        {
            "host": "supportftp.lexisnexis.com",
			"port":"22"            
        }
                
    ]
},
{"mbs_ar":
    [{"host": "blpmbsrptsql01.risk.regn.net",
    "port": "22"},
    {"host": "blpmbsrptsql02.risk.regn.net",
        "port": "22"},
    {"host": "alalpmbsrsql01.noam.lnrm.net",
            "port": "22"}
	]},
{"mbs_usage":
        [{"host": "blpmbsrptsql01.risk.regn.net",
        "port": "22"},
        {"host": "blpmbsrptsql02.risk.regn.net",
            "port": "22"},
        {"host": "alalpmbsrsql01.noam.lnrm.net",
                "port": "22"}
    ]},
{"mbs_tracesmart":
    [{"host": "lonlpbsrptsql02.eu.lnrm.net",
        "port": "22"},
    {"host": "blpmbsrptsql01.risk.regn.net",
        "port": "22"},
    {"host": "blpmbsrptsql02.risk.regn.net",
        "port": "22"},
    {"host": "alalpmbsrsql01.noam.lnrm.net",
            "port": "22"}]},
{"mbs_caps":
    [
    {"host": "blpmbsrptsql01.risk.regn.net",
        "port": "22"},
    {"host": "blpmbsrptsql02.risk.regn.net",
            "port": "22"},
    {"host": "alalpmbsrsql01.noam.lnrm.net",
                "port": "22"}]},
{"mbs":
    [{"host": "blpmbsrptsql01.risk.regn.net",
    "port": "22"},
    {"host": "alalpaccrptsql1.noam.lnrm.net",
        "port": "22"},
    {"host": "alalpaccrptsql2.noam.lnrm.net",
        "port": "22"},
    {"host": "bctlpaccrptsql1.noam.lnrm.net",
        "port": "22"},
    {"host": "bctlpaccrptsql1.noam.lnrm.net",
        "port": "22"},
    {"host": "blpmbsrptsql02.risk.regn.net",
        "port": "22"},
    {"host": "alalpmbsrsql01.noam.lnrm.net",
            "port": "22"}]},        
{"mbsi":
    [{"host": "bctlpmbsirptsql01.risk.regn.net",
        "port": "22"},
    {"host": "bctlpmbsirptsql02.risk.regn.net",
        "port": "22"},
    {"host": "blpmbsrptsql01.risk.regn.net",
        "port": "22"},
    {"host": "alalpmbsirptsql01.risk.regn.net",
        "port": "22"},
    {"host": "alalpmbsirptsql02.risk.regn.net",
        "port": "22"},
    {"host": "blpmbsrptsql02.risk.regn.net",
        "port": "22"},
    {"host": "alalpmbsrsql01.noam.lnrm.net",
            "port": "22"}
            ]},
    {"mbsi_nonrevenue":
        [{"host": "bctlpmbsirptsql01.risk.regn.net",
            "port": "22"},
        {"host": "bctlpmbsirptsql02.risk.regn.net",
            "port": "22"},
        {"host": "blpmbsrptsql01.risk.regn.net",
            "port": "22"},    
        {"host": "blpmbsrptsql02.risk.regn.net",
            "port": "22"},
        {"host": "alalpmbsrsql01.noam.lnrm.net",
                "port": "22"}]
        },
{"mbsi_revenue":
    [{"host": "bctlpmbsirptsql01.risk.regn.net",
        "port": "22"}
            ]},
{"mvr_avap":
    [{"host": "bctlpmbsirptsql02.risk.regn.net",
        "port": "22"}
	]},
{"royalty":
    [{"host": "alalpprodlz21.risk.regn.net",
        "port": "22"},
    {"host": "bctlpmbsirptsql02.risk.regn.net",
        "port": "22"},
    {"host": "alalpmbsirptsql01.risk.regn.net",
        "port": "22"},
    {"host": "alalpmbsirptsql02.risk.regn.net",
        "port": "22"},
    {"host": "bctlpmbsirptsql01.risk.regn.net",
        "port": "22"}]},

{"mvr":
    [
    {"host": "bctlpmbsirptsql01.risk.regn.net",
            "port": "22"},
    {"host": "alalpmbsirptsql01.risk.regn.net",
            "port": "22"},
    {"host": "bctlpmbsirptsql02.risk.regn.net",
            "port": "22"},
    {"host": "alalpmbsirptsql02.risk.regn.net",
            "port": "22"}       
    ]
    },
{"dayton":
    [{"host": "bctlpedata12.risk.regn.net",
            "port": "22"}
        ]
},
{"dayton_lexis_advance":
    [{"host": "bctlpedata12.risk.regn.net",
            "port": "22"}
        ]
},
{"customer_test":
    [{"host": "alalpprodlz21.risk.regn.net",
            "port": "22"},
    {"host": "alalpmbsirptsql01.risk.regn.net",
            "port": "22"},
    {"host": "alalpmbsirptsql02.risk.regn.net",
            "port": "22"}
    ]
},
{"ins_resptime_logs":
    [
        {"host" : "alalpprodlz21.risk.regn.net",
        "port" : "22"
        },
        {"host": "alalpmbsirptsql01.risk.regn.net",
            "port": "22"},
        {"host": "alalpmbsirptsql02.risk.regn.net",
            "port": "22"
        }
    ]
},
{"ins_resptime_logs_dr":
    [
        {"host" : "alalpprodlz21.risk.regn.net",
        "port" : "22"
        }
    ]
},
{"innotas":
    [
    {"host": "alalpprodlz21.risk.regn.net",
            "port": "22"}]},
{"r3batch":
    [
    {"host": "fidosftp.risk.regn.net",
            "port": "50022"}
            ]},
{"ins_recon":
    [
        {"host" : "alalpprodlz21.risk.regn.net",
        "port" : "22"
        }
    ]
},
{"text_for_quote":
    [
        {
            "host": "alalptfqdb001.noam.lnrm.net",
            "port": "22"
        }
    ]
},
{"ins_performance_hub":
    [
        {
            "host": "alalpmbsirptsql02.risk.regn.net",
            "port": "22"
        }, 
        {
            "host": "alalpmbsirptsql01.risk.regn.net",
            "port": "22"
        },
        {
            "host": "bctlpmbsirptsql01.risk.regn.net",
            "port": "22"
        },
        {
            "host": "bctlpmbsirptsql02.risk.regn.net",
            "port": "22"
        }
    ]
},
{"mbs_daily_usage_am":
        [{"host": "blpmbsrptsql01.risk.regn.net",
        "port": "22"},
        {"host": "alalpaccrptsql1.noam.lnrm.net",
            "port": "22"},
        {"host": "alalpaccrptsql2.noam.lnrm.net",
            "port": "22"},
        {"host": "bctlpaccrptsql1.noam.lnrm.net",
            "port": "22"},
        {"host": "bctlpaccrptsql1.noam.lnrm.net",
            "port": "22"},
        {"host": "blpmbsrptsql02.risk.regn.net",
             "port": "22"},
        {"host": "alalpmbsrsql01.noam.lnrm.net",
                 "port": "22"}]
},
{"accountassign_history":
        [{"host": "blpmbsrptsql01.risk.regn.net",
        "port": "22"},
        {"host": "blpmbsrptsql02.risk.regn.net",
             "port": "22"},
        {"host": "alalpmbsrsql01.noam.lnrm.net",
                 "port": "22"}]
}
]