{
    "current_templates": [
        "external_billed_revenue",
        "product_alternate_hierarchies"
    ],
    "validations": {
        "external_billed_revenue": {
            "input": {
                "data_file": "external_billed_revenue",
                "hpcc_validation": false,
                "required_tab": true,
                "data_columns": [
                    "source_scenario",
                    "oracle_account_number",
                    "customer_name",
                    "segment1",
                    "operational_currency",
                    "seg2_seg4",
                    "segment3",
                    "gl_date",
                    "sub_start_date_in",
                    "sub_end_date_in",
                    "billing_currency",
                    "revenue_amount_USD",
                    "revenue_amount_le",
                    "revenue_amount_local",
                    "invoice_number",
                    "opportunity_number",
                    "user_email"
                ],
                "columns_dtype": {
                    "source_scenario": "str",
                    "oracle_account_number": "str",
                    "customer_name": "str",
                    "segment1": "str",
                    "operational_currency": "str",
                    "seg2_seg4": "str",
                    "segment3": "str",
                    "gl_date": "str",
                    "sub_start_date_in": "str",
                    "sub_end_date_in": "str",
                    "billing_currency": "str",
                    "revenue_amount_USD": "float64",
                    "revenue_amount_le": "float64",
                    "revenue_amount_local": "float64",
                    "invoice_number": "str",
                    "opportunity_number": "float64",
                    "user_email": "str"
                },
                "common_validations": {
                    "number_of_columns": {
                        "value": 17,
                        "validation_type": "Warning"
                    },
                    "headers": {
                        "value": {
                            "0": "source_scenario",
                            "1": "oracle_account_number",
                            "2": "customer_name",
                            "3": "segment1",
                            "4": "operational_currency",
                            "5": "seg2_seg4",
                            "6": "segment3",
                            "7": "gl_date",
                            "8": "sub_start_date_in",
                            "9": "sub_end_date_in",
                            "10": "billing_currency",
                            "11": "revenue_amount_USD",
                            "12": "revenue_amount_le",
                            "13": "revenue_amount_local",
                            "14": "invoice_number",
                            "15": "opportunity_number",
                            "16": "user_email"
                        },
                        "validation_type": "Error"
                    }
                },
                "sheet_validations": null
            }
        },
        "product_alternate_hierarchies": {
            "input": {
                "data_file": "product_alternate_hierarchies",
                "hpcc_validation": false,
                "required_tab": true,
                "data_columns": [
                    "product_code",
                    "alternate_hierarchy1",
                    "alternate_hierarchy2",
                    "alternate_hierarchy3",
                    "srs_product_group",
                    "srs_new_product_flag"
                ],
                "columns_dtype": {
                    "product_code": "str",
                    "alternate_hierarchy1": "str",
                    "alternate_hierarchy2": "str",
                    "alternate_hierarchy3": "str",
                    "srs_product_group": "str",
                    "srs_new_product_flag": "str"
                },
                "common_validations": {
                    "number_of_columns": {
                        "value": 6,
                        "validation_type": "Warning"
                    },
                    "headers": {
                        "value": {
                            "0": "product_code",
                            "1": "alternate_hierarchy1",
                            "2": "alternate_hierarchy2",
                            "3": "alternate_hierarchy3",
                            "4": "srs_product_group",
                            "5": "srs_new_product_flag"
                        },
                        "validation_type": "Error"
                    }
                },
                "sheet_validations": null
            }
        },
        "account_territory_assignment": {
            "input": {
                "data_file": "account_territory_assignment",
                "hpcc_validation": false,
                "required_tab": true,
                "data_columns": [
                    "BRAND",
                    "Prefix",
                    "Source",
                    "gc_id",
                    "product_id",
                    "sub_product_id",
                    "sub_account_id",
                    "vc_id",
                    "account_name",
                    "PRI TERR",
                    "PRI POSN",
                    "PRI REP",
                    "primary_effective_date",
                    "primary_rud",
                    "SEC TERR",
                    "SEC POSN",
                    "SEC REP",
                    "secondary_effective_date",
                    "secondary_rud",
                    "sub_account_rud",
                    "Tert Rep",
                    "TERT EFF DATE"
                ],
                "columns_dtype": {
                    "BRAND": "str",
                    "Prefix": "str",
                    "Source": "str",
                    "gc_id": "float64",
                    "product_id": "float64",
                    "sub_product_id": "float64",
                    "sub_account_id": "str",
                    "vc_id": "str",
                    "account_name": "str",
                    "PRI TERR": "float64",
                    "PRI POSN": "str",
                    "PRI REP": "str",
                    "primary_effective_date": "str",
                    "primary_rud": "str",
                    "SEC TERR": "float64",
                    "SEC POSN": "str",
                    "SEC REP": "str",
                    "secondary_effective_date": "str",
                    "secondary_rud": "str",
                    "sub_account_rud": "str",
                    "Tert Rep": "str",
                    "TERT EFF DATE": "str"
                },
                "common_validations": {
                    "number_of_columns": {
                        "value": 13,
                        "validation_type": "Warning"
                    },
                    "headers": {
                        "value": {
                            "0": "BRAND",
                            "1": "Prefix",
                            "2": "Source",
                            "3": "gc_id",
                            "4": "product_id",
                            "5": "sub_product_id",
                            "6": "sub_account_id",
                            "7": "vc_id",
                            "8": "account_name",
                            "9": "PRI TERR",
                            "10": "PRI POSN",
                            "11": "PRI REP",
                            "12": "primary_effective_date",
                            "13": "primary_rud",
                            "14": "SEC TERR",
                            "15": "SEC POSN",
                            "16": "SEC REP",
                            "17": "secondary_effective_date",
                            "18": "secondary_rud",
                            "19": "sub_account_rud",
                            "20": "Tert Rep",
                            "21": "TERT EFF DATE"
                        },
                        "validation_type": "Error"
                    }
                },
                "sheet_validations": null
            }
        }
    },
    "hpcc_configurations": {
        "external_billed_revenue": {
            "template": "external_billed_revenue",
            "sleep_time": 5,
            "dev": {
                "validation": null,
                "build": "manual_load_rbi_main_build"
            },
            "prod": {
                "validation": null,
                "build": "manual_load_rbi_prod_main_build"
            }
        },
        "product_alternate_hierarchies": {
            "template": "product_alternate_hierarchies",
            "sleep_time": 10,
            "dev": {
                "validation": null,
                "build": "manual_load_rbi_main_build"
            },
            "prod": {
                "validation": null,
                "build": "manual_load_rbi_prod_main_build"
            }
        },
        "account_territory_assignment": {
            "template": "account_territory_assignment",
            "sleep_time": 15,
            "dev": {
                "validation": null,
                "build": null
            },
            "prod": {
                "validation": null,
                "build": null
            }
        }
    },
    "communications": {
        "drop_zone_folders": {
            "source_files": "Source Files"
        },
        "distribution_list": {
            "Source Files": [
                "rene.gibson@lexisnexisrisk.com",
                "dane.grimley@lexisnexisrisk.com",
                "tom.cleeve@lexisnexisrisk.com",
                "deanna.soundaraju@lexisnexisrisk.com",
                "jane.fernandes@lexisnexisrisk.com",
                "anne.li@lexisnexisrisk.com"
            ]
        },
        "send_from": "FIDO@lexisnexisrisk.com",
        "team_list": [
            "kevin.anderson@lexisnexisrisk.com"
        ],
        "CC": [
            "fido.ops@lexisnexisrisk.com",
            "fidofinance@lexisnexisrisk.com"
        ],
        "report": {
            "alert": "Alert :: Manual Load :: ",
            "logs": "Log :: Manual Load :: ",
            "errors": "Log :: Errors :: Manual Load :: ",
            "summary": "Summary :: Manual Load :: Build :: ",
            "success": "Success :: Manual Load :: Build :: ",
            "error": "Error :: Manual Load :: Build :: ",
            "external_billed_revenue": {
                "summary": "Summary :: Manual Load :: Build :: External Revenue Loads :: ",
                "success": "Success :: Manual Load :: Build :: External Revenue Loads :: ",
                "error": "Error :: Manual Load :: Build :: External Revenue Loads :: ",
                "columns": [
                    "Working Start Time",
                    "Template",
                    "User",
                    "Filename",
                    "Worksheet",
                    "Source Scenario",
                    "Total Records",
                    "Total Operational Currency",
                    "Total Billing Currency",
                    "Pre-HPCC Validation",
                    "HPCC Stage_Fact",
                    "Stage_Fact WUID",
                    "Stage_Fact WuMSG"
                ],
                "data": [
                    "Working Start Time",
                    "Template",
                    "User",
                    "Filename",
                    "Worksheet",
                    "Source Scenario",
                    "Total Records",
                    "Total Operational Currency",
                    "Total Billing Currency"
                ]
            },
            "product_alternate_hierarchies": {
                "summary": "Summary :: Manual Load :: Build :: Product Alternate Hierarchies :: ",
                "success": "Success :: Manual Load :: Build :: Product Alternate Hierarchies :: ",
                "error": "Error :: Manual Load :: Build :: Product Alternate Hierarchies :: ",
                "columns": [
                    "Working Start Time",
                    "Template",
                    "User",
                    "Filename",
                    "Worksheet",
                    "Total Records",
                    "Pre-HPCC Validation",
                    "HPCC Stage_Fact",
                    "Stage_Fact WUID",
                    "Stage_Fact WuMSG"
                ],
                "data": [
                    "Working Start Time",
                    "Template",
                    "User",
                    "Filename",
                    "Worksheet",
                    "Total Records"
                ]
            },
            "account_territory_assignment": {
                "summary": "Summary :: Manual Load :: Build :: Account Territory Assignment :: ",
                "success": "Success :: Manual Load :: Build :: Account Territory Assignment :: ",
                "error": "Error :: Manual Load :: Build :: Account Territory Assignment :: ",
                "columns": [
                    "Working Start Time",
                    "Template",
                    "User",
                    "Filename",
                    "Worksheet",
                    "Total Records",
                    "Pre-HPCC Validation",
                    "HPCC Stage_Fact",
                    "Stage_Fact WUID",
                    "Stage_Fact WuMSG"
                ],
                "data": [
                    "Working Start Time",
                    "Template",
                    "User",
                    "Filename",
                    "Worksheet",
                    "Total Records"
                ]
            }
        },
        "teams_webhook_url": "https://reedelsevier.webhook.office.com/webhookb2/{0}"
    }
}