[
    {"revenue_files_to_azure":
        [
            {
                "environment": "dev",
                "keepassmapid": "Dev_Azure_Storage_BDAP_SAS",
                "title" : "fido-in container - (SAS) URI"
            },
            {
                "environment": "prod",
                "keepassmapid": "Prod_Azure_Storage_BDAP_SAS",
                "title" : "cotprodbdapdz-fido-in-writer-sas"
            }
        ]    
    },
    {"accuityba":
        [
            {
                "environment": "dev",
                "keepassmapid": "Dev_Azure_Storage_BDAP_SAS",
                "title" : "fido-in container - (SAS) URI"
            },
            {
                "environment": "prod",
                "keepassmapid": "Prod_Azure_Storage_BDAP_SAS",
                "title" : "cotprodbdapdz-fido-in-writer-sas"
            }
        ]    
    },
    {"accuityba_load":
        [
            {
                "environment": "dev",
                "keepassmapid": "Dev_Azure_Storage_BDAP_SAS",
                "title" : "fido-in container - (SAS) URI"
            },
            {
                "environment": "prod",
                "keepassmapid": "Prod_Azure_Storage_BDAP_SAS",
                "title" : "cotprodbdapdz-fido-in-writer-sas"
            }
        ]    
    },
    {"accuityiban":
        [
            {
                "environment": "dev",
                "keepassmapid": "Dev_Azure_Storage_BDAP_SAS",
                "title" : "fido-in container - (SAS) URI"
            },
            {
                "environment": "prod",
                "keepassmapid": "Prod_Azure_Storage_BDAP_SAS",
                "title" : "cotprodbdapdz-fido-in-writer-sas"
            }
        ]    
    },
    {"accuityiban_load":
        [
            {
                "environment": "dev",
                "keepassmapid": "Dev_Azure_Storage_BDAP_SAS",
                "title" : "fido-in container - (SAS) URI"
            },
            {
                "environment": "prod",
                "keepassmapid": "Prod_Azure_Storage_BDAP_SAS",
                "title" : "cotprodbdapdz-fido-in-writer-sas"
            }
        ]    
    },
    {"accuitytgbr":
        [
            {
                "environment": "dev",
                "keepassmapid": "Dev_Azure_Storage_BDAP_SAS",
                "title" : "fido-in container - (SAS) URI"
            },
            {
                "environment": "prod",
                "keepassmapid": "Prod_Azure_Storage_BDAP_SAS",
                "title" : "cotprodbdapdz-fido-in-writer-sas"
            }
        ]    
    },
    {"accuitytgbr_load":
        [
            {
                "environment": "dev",
                "keepassmapid": "Dev_Azure_Storage_BDAP_SAS",
                "title" : "fido-in container - (SAS) URI"
            },
            {
                "environment": "prod",
                "keepassmapid": "Prod_Azure_Storage_BDAP_SAS",
                "title" : "cotprodbdapdz-fido-in-writer-sas"
            }
        ]    
    },
    {"aventri_icis":
    [
        {
            "environment": "dev",
            "keepassmapid": "Dev_Azure_Storage_BDAP_SAS",
            "title" : "fido-out container - (SAS) URI"
        },
        {
            "environment": "prod",
            "keepassmapid": "Prod_Azure_Storage_BDAP_SAS",
            "title" : "cotprodbdapdz-fido-out-reader-sas"
        }
    ]    
    },
    {"aventri_property":
    [
        {
            "environment": "dev",
            "keepassmapid": "Dev_Azure_Storage_BDAP_SAS",
            "title" : "fido-out container - (SAS) URI"
        },
        {
            "environment": "prod",
            "keepassmapid": "Prod_Azure_Storage_BDAP_SAS",
            "title" : "cotprodbdapdz-fido-out-reader-sas"
        }
    ]    
    },
    {"egi":
        [
            {
                "environment": "dev",
                "keepassmapid": "Dev_Azure_Storage_BDAP_SAS",
                "title" : "fido-in container - (SAS) URI"
            },
            {
                "environment": "prod",
                "keepassmapid": "Prod_Azure_Storage_BDAP_SAS",
                "title" : "cotprodbdapdz-fido-in-writer-sas"
            }
        ]    
    },
    {"egi_load":
        [
            {
                "environment": "dev",
                "keepassmapid": "Dev_Azure_Storage_BDAP_SAS",
                "title" : "fido-in container - (SAS) URI"
            },
            {
                "environment": "prod",
                "keepassmapid": "Prod_Azure_Storage_BDAP_SAS",
                "title" : "cotprodbdapdz-fido-in-writer-sas"
            }
        ]    
    },
    {"flightglobal":
        [
            {
                "environment": "dev",
                "keepassmapid": "Dev_Azure_Storage_BDAP_SAS",
                "title" : "fido-in container - (SAS) URI"
            },
            {
                "environment": "prod",
                "keepassmapid": "Prod_Azure_Storage_BDAP_SAS",
                "title" : "COT-Prod-BDAP-Adobe-Cirium-Reader-SAS"
            }
        ]    
    },
    {"flightglobal_load":
        [
            {
                "environment": "dev",
                "keepassmapid": "Dev_Azure_Storage_BDAP_SAS",
                "title" : "fido-in container - (SAS) URI"
            },
            {
                "environment": "prod",
                "keepassmapid": "Prod_Azure_Storage_BDAP_SAS",
                "title" : "cotprodbdapdz-fido-in-writer-sas"
            }
        ]    
    },
    {"icisdashboard":
        [
            {
                "environment": "dev",
                "keepassmapid": "Dev_Azure_Storage_BDAP_SAS",
                "title" : "fido-in container - (SAS) URI"
            },
            {
                "environment": "prod",
                "keepassmapid": "Prod_Azure_Storage_BDAP_SAS",
                "title" : "cotprodbdapdz-fido-in-writer-sas"
            }
        ]    
    },
    {"icisapp":
        [
            {
                "environment": "dev",
                "keepassmapid": "Dev_Azure_Storage_BDAP_SAS",
                "title" : "fido-in container - (SAS) URI"
            },
            {
                "environment": "prod",
                "keepassmapid": "Prod_Azure_Storage_BDAP_SAS",
                "title" : "cotprodbdapdz-fido-in-writer-sas"
            }
        ]    
    },
    {"icisnews":
        [
            {
                "environment": "dev",
                "keepassmapid": "Dev_Azure_Storage_BDAP_SAS",
                "title" : "fido-in container - (SAS) URI"
            },
            {
                "environment": "prod",
                "keepassmapid": "Prod_Azure_Storage_BDAP_SAS",
                "title" : "cotprodbdapdz-fido-in-writer-sas"
            }
        ]    
    },
    {"icissd":
        [
            {
                "environment": "dev",
                "keepassmapid": "Dev_Azure_Storage_BDAP_SAS",
                "title" : "fido-in container - (SAS) URI"
            },
            {
                "environment": "prod",
                "keepassmapid": "Prod_Azure_Storage_BDAP_SAS",
                "title" : "cotprodbdapdz-fido-in-writer-sas"
            }
        ]    
    },
    {"proagrica":
        [
            {
                "environment": "dev",
                "keepassmapid": "Dev_Azure_Storage_BDAP_SAS",
                "title" : "fido-in container - (SAS) URI"
            },
            {
                "environment": "prod",
                "keepassmapid": "Prod_Azure_Storage_BDAP_SAS",
                "title" : "cotprodbdapdz-fido-in-writer-sas"
            }
        ]    
    },
    {"xperthruk":
        [
            {
                "environment": "dev",
                "keepassmapid": "Dev_Azure_Storage_BDAP_SAS",
                "title" : "fido-in container - (SAS) URI"
            },
            {
                "environment": "prod",
                "keepassmapid": "Prod_Azure_Storage_BDAP_SAS",
                "title" : "cotprodbdapdz-fido-in-writer-sas"
            }
        ]    
    },
    {"xperthruk_load":
        [
            {
                "environment": "dev",
                "keepassmapid": "Dev_Azure_Storage_BDAP_SAS",
                "title" : "fido-in container - (SAS) URI"
            },
            {
                "environment": "prod",
                "keepassmapid": "Prod_Azure_Storage_BDAP_SAS",
                "title" : "cotprodbdapdz-fido-in-writer-sas"
            }
        ]    
    },
    {"xperthrus":
        [
            {
                "environment": "dev",
                "keepassmapid": "Dev_Azure_Storage_BDAP_SAS",
                "title" : "fido-in container - (SAS) URI"
            },
            {
                "environment": "prod",
                "keepassmapid": "Prod_Azure_Storage_BDAP_SAS",
                "title" : "cotprodbdapdz-fido-in-writer-sas"
            }
        ]    
    },
    {"xperthrus_load":
        [
            {
                "environment": "dev",
                "keepassmapid": "Dev_Azure_Storage_BDAP_SAS",
                "title" : "fido-in container - (SAS) URI"
            },
            {
                "environment": "prod",
                "keepassmapid": "Prod_Azure_Storage_BDAP_SAS",
                "title" : "cotprodbdapdz-fido-in-writer-sas"
            }
        ]    
    },
    {"salesforce_golf":
        [
            {
                "environment": "dev",
                "keepassmapid": "Dev_Azure_Storage_BDAP_SAS",
                "title" : "fido-out container - (SAS) URI"
            },
            {
                "environment": "prod",
                "keepassmapid": "Prod_Azure_Storage_BDAP_SAS",
                "title" : "cotprodbdapdz-fido-out-reader-sas"
            }
        ]    
    },
    {"salesforce_katana":
        [
            {
                "environment": "dev",
                "keepassmapid": "Dev_Azure_Storage_BDAP_SAS",
                "title" : "fido-out container - (SAS) URI"
            },
            {
                "environment": "prod",
                "keepassmapid": "Prod_Azure_Storage_BDAP_SAS",
                "title" : "cotprodbdapdz-fido-out-reader-sas"
            }
        ]    
    },
    {"salesforce_unity":
        [
            {
                "environment": "dev",
                "keepassmapid": "Dev_Azure_Storage_BDAP_SAS",
                "title" : "fido-out container - (SAS) URI"
            },
            {
                "environment": "prod",
                "keepassmapid": "Prod_Azure_Storage_BDAP_SAS",
                "title" : "cotprodbdapdz-fido-out-reader-sas"
            }
        ]    
    }
    
]