[
   {"accuityba":
     [{"env": "prod",
         "process": "inbound",
         "profile": "cos-prod-adobe",
         "bucket":  "cos-analytics-adobe"},
      {"env": "oat",
         "process": "inbound",
         "profile": "cos-oat-adobe",
         "bucket": "cos-oat-analytics-adobe/OAT/"},
      {"env": "prod",
         "process": "outbound",
         "profile": "cos-prod-outgoing",
         "bucket": "cos-prod-outgoing-accuity"},
      {"env": "dev",
         "process": "outbound",
         "profile": "cos-oat-adobe",
         "bucket": "cos-oat-analytics-adobe"}]},
   {"accuityiban":
     [{"env": "prod",
         "process": "inbound",
         "profile": "cos-prod-adobe",
         "bucket":  "cos-analytics-adobe"},
      {"env": "oat",
         "process": "inbound",
         "profile": "cos-oat-adobe",
         "bucket": "cos-analytics-adobe"},
      {"env": "dev",
         "process": "inbound",
         "profile": "cos-oat-adobe",
         "bucket": "cos-analytics-adobe/dev"},
      {"env": "prod",
         "process": "outbound",
         "profile": "cos-prod-outgoing",
         "bucket": "cos-prod-outgoing-accuity"},
      {"env": "dev",
         "process": "outbound",
         "profile": "cos-oat-adobe",
         "bucket": "cos-analytics-adobe"}]},
   {"accuitytgbr":
     [{"env": "prod",
         "process": "inbound",
         "profile": "cos-prod-adobe",
         "bucket":  "cos-analytics-adobe"},
      {"env": "oat",
         "process": "inbound",
         "profile": "cos-oat-adobe",
         "bucket": "cos-analytics-adobe"},
      {"env": "prod",
         "process": "outbound",
         "profile": "cos-prod-outgoing",
         "bucket": "cos-prod-outgoing-accuity"},
      {"env": "dev",
         "process": "outbound",
         "profile": "cos-oat-adobe",
         "bucket": "cos-analytics-adobe"}]},
    {"egi":
     [{"env": "prod",
         "process": "inbound",
         "profile": "cos-prod-adobe",
         "bucket":  "cos-analytics-adobe"},
      {"env": "dev",
         "process": "outbound",
         "profile": "cos-oat-adobe",
         "bucket": "cos-analytics-adobe"},
      {"env": "prod",
         "process": "outbound",
         "profile": "cos-prod-outgoing",
         "bucket": "cos-prod-outgoing-egi"}]},
   {"flightglobal":
     [{"env": "prod",
         "process": "inbound",
         "profile": "cos-prod-adobe",
         "bucket":  "cos-analytics-adobe"},
      {"env": "dev",
         "process": "outbound",
         "profile": "cos-oat-adobe",
         "bucket": "cos-analytics-adobe"},
      {"env": "prod",
         "process": "outbound",
         "profile": "cos-prod-outgoing",
         "bucket": "cos-prod-outgoing-flightglobal"}]},
   {"icisapp":
     [{"env": "prod",
         "process": "inbound",
         "profile": "cos-prod-adobe",
         "bucket":  "cos-analytics-adobe"},
      {"env": "oat",
         "process": "inbound",
         "profile": "cos-oat-adobe",
         "bucket": "cos-analytics-adobe"},
      {"env": "dev",
         "process": "outbound",
         "profile": "cos-oat-adobe",
         "bucket": "cos-oat-analytics-adobe"},
      {"env": "prod",
         "process": "outbound",
         "profile": "cos-prod-outgoing",
         "bucket": "cos-prod-outgoing-icis"}]},
   {"icisdashboard":
     [{"env": "prod",
         "process": "inbound",
         "profile": "cos-prod-adobe",
         "bucket":  "cos-analytics-adobe"},
      {"env": "prod",
         "process": "inbound",
         "profile": "cos-prod-incoming-icis",
         "bucket":  "cos-prod-incoming-icis"},
      {"env": "dev",
         "process": "outbound",
         "profile": "cos-oat-adobe",
         "bucket": "cos-analytics-adobe"},
      {"env": "prod",
         "process": "outbound",
         "profile": "cos-prod-outgoing",
         "bucket": "cos-prod-outgoing-icis"}]},
   {"icisnews":
      [{"env": "prod",
         "process": "outbound",
         "profile": "cos-prod-outgoing",
         "bucket": "cos-prod-outgoing-icis"}]},
   {"icissd":
     [{"env": "prod",
         "process": "outbound",
         "profile": "cos-prod-outgoing",
         "bucket": "cos-prod-outgoing-icis"}]},
   {"icissubscriber":
     [{"env": "prod",
         "process": "outbound",
         "profile": "cos-prod-outgoing",
         "bucket": "cos-prod-outgoing-icis"}]},
   {"proagrica":
     [{"env": "prod",
         "process": "inbound",
         "profile": "cos-prod-adobe",
         "bucket":  "cos-analytics-adobe"},
      {"env": "oat",
         "process": "inbound",
         "profile": "cos-oat-adobe",
         "bucket": "cos-analytics-adobe"},
      {"env": "dev",
         "process": "outbound",
         "profile": "cos-oat-adobe",
         "bucket": "cos-oat-analytics-adobe"},
      {"env": "prod",
         "process": "outbound",
         "profile": "cos-prod-outgoing",
         "bucket": "cos-prod-outgoing-proagrica"}]},
   {"xperthruk":
     [{"env": "prod",
         "process": "inbound",
         "profile": "cos-prod-adobe",
         "bucket":  "cos-analytics-adobe"},
      {"env": "oat",
         "process": "inbound",
         "profile": "cos-oat-adobe",
         "bucket": "cos-analytics-adobe"},
      {"env": "dev",
         "process": "outbound",
         "profile": "cos-oat-adobe",
         "bucket": "cos-analytics-adobe"},
      {"env": "prod",
         "process": "outbound",
         "profile": "cos-prod-outgoing",
         "bucket": "cos-prod-outgoing-xperthr"}]},
   {"xperthrus":
     [{"env": "prod",
         "process": "inbound",
         "profile": "cos-prod-adobe",
         "bucket":  "cos-analytics-adobe"},
      {"env": "oat",
         "process": "outbound",
         "profile": "cos-oat-adobe",
         "bucket": "cos-analytics-adobe"},
      {"env": "dev",
         "process": "outbound",
         "profile": "cos-oat-adobe",
         "bucket": "cos-analytics-adobe"},
      {"env": "prod",
         "process": "outbound",
         "profile": "cos-prod-outgoing",
         "bucket": "cos-prod-outgoing-xperthr"}]}
 ]